FECHA_CORTE,NOM_RPT,PARAM_HECHO,HECHO,SEXO,ETNIA,DISCAPACIDAD,CICLO_VITAL,PER_OCU,PER_DECLA,PER_UBIC,PER_SA,EVENTOS
2023/02/28 00:00:00.000000000,"REPORTE VICTIMAS POR HECHO, CIFRA DEPARTAMENTAL (SEXO, ETNIA, DISCAPACIDAD, CICLO_VITAL) personas: (Ocurrencia, DeclaraciÃ³n, UbicaciÃ³n, Sujetos AtenciÃ³n y Eventos)",5,Desplazamiento forzado,Hombre,Indigena,Por Establecer,entre 29 y 60,4,1,1,1,4
2024/04/30 00:00:00.000000000,"REPORTE VICTIMAS POR HECHO, CIFRA DEPARTAMENTAL (SEXO, ETNIA, DISCAPACIDAD, CICLO_VITAL) personas: (Ocurrencia, DeclaraciÃ³n, UbicaciÃ³n, Sujetos AtenciÃ³n y Eventos)",5,Desplazamiento forzado,Mujer,Indigena,Fisica,entre 61 y 100,4,5,5,2,4
2023/02/28 00:00:00.000000000,"REPORTE VICTIMAS POR HECHO, CIFRA DEPARTAMENTAL (SEXO, ETNIA, DISCAPACIDAD, CICLO_VITAL) personas: (Ocurrencia, DeclaraciÃ³n, UbicaciÃ³n, Sujetos AtenciÃ³n y Eventos)",4,DesapariciÃ³n forzada,Hombre,Ninguna,Intelectual,entre 61 y 100,2,3,3,3,2
2022/09/30 00:00:00.000000000,"REPORTE VICTIMAS POR HECHO, CIFRA DEPARTAMENTAL (SEXO, ETNIA, DISCAPACIDAD, CICLO_VITAL) personas: (Ocurrencia, DeclaraciÃ³n, UbicaciÃ³n, Sujetos AtenciÃ³n y Eventos)",5,Desplazamiento forzado,Mujer,Ninguna,Auditiva,entre 61 y 100,47,68,51,44,52
31/05/2025,"REPORTE VICTIMAS POR HECHO, CIFRA DEPARTAMENTAL (SEXO, ETNIA, DISCAPACIDAD, CICLO_VITAL) personas: (Ocurrencia, Declaraciï¿½n, Ubicaciï¿½n, Sujetos Atenciï¿½n y Eventos)",2,Amenaza,Mujer,Ninguna,Fisica,entre 12 y 17,1,4,2,2,1
2024/03/31 00:00:00.000000000,"REPORTE VICTIMAS POR HECHO, CIFRA DEPARTAMENTAL (SEXO, ETNIA, DISCAPACIDAD, CICLO_VITAL) personas: (Ocurrencia, DeclaraciÃ³n, UbicaciÃ³n, Sujetos AtenciÃ³n y Eventos)",3,Delitos contra la libertad y la integridad sexual en desarrollo del conflicto armado,Mujer,Ninguna,Psicosocial (Mental),entre 61 y 100,1,1,2,2,1
31/07/2025,"REPORTE VICTIMAS POR HECHO, CIFRA DEPARTAMENTAL (SEXO, ETNIA, DISCAPACIDAD, CICLO_VITAL) personas: (Ocurrencia, Declaraciï¿½n, Ubicaciï¿½n, Sujetos Atenciï¿½n y Eventos)",5,Desplazamiento forzado,Mujer,Ninguna,Auditiva,entre 6 y 11,1,7,4,3,2
2024/04/30 00:00:00.000000000,"REPORTE VICTIMAS POR HECHO, CIFRA DEPARTAMENTAL (SEXO, ETNIA, DISCAPACIDAD, CICLO_VITAL) personas: (Ocurrencia, DeclaraciÃ³n, UbicaciÃ³n, Sujetos AtenciÃ³n y Eventos)",4,DesapariciÃ³n forzada,Mujer,Ninguna,Visual,entre 61 y 100,23,13,17,15,26
30/11/2025,"REPORTE VICTIMAS POR HECHO, CIFRA DEPARTAMENTAL (SEXO, ETNIA, DISCAPACIDAD, CICLO_VITAL) personas: (Ocurrencia, Declaraciï¿½n, Ubicaciï¿½n, Sujetos Atenciï¿½n y Eventos)",5,Desplazamiento forzado,Mujer,Indigena,Ninguna,entre 0 y 5,6,21,15,7,7
2024/05/31 00:00:00.000000000,"REPORTE VICTIMAS POR HECHO, CIFRA DEPARTAMENTAL (SEXO, ETNIA, DISCAPACIDAD, CICLO_VITAL) personas: (Ocurrencia, DeclaraciÃ³n, UbicaciÃ³n, Sujetos AtenciÃ³n y Eventos)",14,Lesiones Personales Psicologicas,Hombre,Ninguna,Psicosocial (Mental),entre 29 y 60,1,1,2,2,1
31/05/2025,"REPORTE VICTIMAS POR HECHO, CIFRA DEPARTAMENTAL (SEXO, ETNIA, DISCAPACIDAD, CICLO_VITAL) personas: (Ocurrencia, Declaraciï¿½n, Ubicaciï¿½n, Sujetos Atenciï¿½n y Eventos)",4,Desapariciï¿½n forzada,Hombre,Ninguna,Fisica,entre 60 y 110,37,25,31,23,40
2023/01/31 00:00:00.000000000,"REPORTE VICTIMAS POR HECHO, CIFRA DEPARTAMENTAL (SEXO, ETNIA, DISCAPACIDAD, CICLO_VITAL) personas: (Ocurrencia, DeclaraciÃ³n, UbicaciÃ³n, Sujetos AtenciÃ³n y Eventos)",8,Secuestro,Hombre,Ninguna,Ninguna,entre 18 y 28,21,11,8,7,21
31/12/2025,"REPORTE VICTIMAS POR HECHO, CIFRA DEPARTAMENTAL (SEXO, ETNIA, DISCAPACIDAD, CICLO_VITAL) personas: (Ocurrencia, Declaraciï¿½n, Ubicaciï¿½n, Sujetos Atenciï¿½n y Eventos)",2,Amenaza,Mujer,Indigena,Ninguna,entre 6 y 11,1,4,5,5,1
28/02/2025,"REPORTE VICTIMAS POR HECHO, CIFRA DEPARTAMENTAL (SEXO, ETNIA, DISCAPACIDAD, CICLO_VITAL) personas: (Ocurrencia, Declaraciï¿½n, Ubicaciï¿½n, Sujetos Atenciï¿½n y Eventos)",13,Lesiones Personales Fisicas,Mujer,Ninguna,Intelectual,entre 60 y 110,2,2,1,1,2
2023/04/30 00:00:00.000000000,"REPORTE VICTIMAS POR HECHO, CIFRA DEPARTAMENTAL (SEXO, ETNIA, DISCAPACIDAD, CICLO_VITAL) personas: (Ocurrencia, DeclaraciÃ³n, UbicaciÃ³n, Sujetos AtenciÃ³n y Eventos)",5,Desplazamiento forzado,Mujer,Ninguna,Intelectual,entre 61 y 100,48,55,48,33,55
2024/02/29 00:00:00.000000000,"REPORTE VICTIMAS POR HECHO, CIFRA DEPARTAMENTAL (SEXO, ETNIA, DISCAPACIDAD, CICLO_VITAL) personas: (Ocurrencia, DeclaraciÃ³n, UbicaciÃ³n, Sujetos AtenciÃ³n y Eventos)",3,Delitos contra la libertad y la integridad sexual en desarrollo del conflicto armado,Mujer,Ninguna,Multiple,entre 29 y 60,22,24,24,23,27
2024/05/31 00:00:00.000000000,"REPORTE VICTIMAS POR HECHO, CIFRA DEPARTAMENTAL (SEXO, ETNIA, DISCAPACIDAD, CICLO_VITAL) personas: (Ocurrencia, DeclaraciÃ³n, UbicaciÃ³n, Sujetos AtenciÃ³n y Eventos)",12,Perdida de Bienes Muebles o Inmuebles,Hombre,Indigena,Ninguna,entre 29 y 60,1,2,1,1,1
31/12/2024,"REPORTE VICTIMAS POR HECHO, CIFRA DEPARTAMENTAL (SEXO, ETNIA, DISCAPACIDAD, CICLO_VITAL) personas: (Ocurrencia, DeclaraciÃ³n, UbicaciÃ³n, Sujetos AtenciÃ³n y Eventos)",5,Desplazamiento forzado,Mujer,Ninguna,Por Establecer,entre 29 y 59,561,733,632,543,597
30/09/24,"REPORTE VICTIMAS POR HECHO, CIFRA DEPARTAMENTAL (SEXO, ETNIA, DISCAPACIDAD, CICLO_VITAL) personas: (Ocurrencia, DeclaraciÃ³n, UbicaciÃ³n, Sujetos AtenciÃ³n y Eventos)",6,Homicidio,Mujer,Ninguna,Fisica,entre 18 y 28,5,8,7,7,5
2022/02/28 00:00:00.000000000,"REPORTE VICTIMAS POR HECHO, CIFRA DEPARTAMENTAL (SEXO, ETNIA, DISCAPACIDAD, CICLO_VITAL) personas: (Ocurrencia, DeclaraciÃ³n, UbicaciÃ³n, Sujetos AtenciÃ³n y Eventos)",12,Perdida de Bienes Muebles o Inmuebles,Hombre,Ninguna,Multiple,entre 29 y 60,7,6,6,6,8
2023/03/31 00:00:00.000000000,"REPORTE VICTIMAS POR HECHO, CIFRA DEPARTAMENTAL (SEXO, ETNIA, DISCAPACIDAD, CICLO_VITAL) personas: (Ocurrencia, DeclaraciÃ³n, UbicaciÃ³n, Sujetos AtenciÃ³n y Eventos)",9,Tortura,Hombre,Ninguna,Intelectual,entre 18 y 28,1,1,1,1,1
2023/03/31 00:00:00.000000000,"REPORTE VICTIMAS POR HECHO, CIFRA DEPARTAMENTAL (SEXO, ETNIA, DISCAPACIDAD, CICLO_VITAL) personas: (Ocurrencia, DeclaraciÃ³n, UbicaciÃ³n, Sujetos AtenciÃ³n y Eventos)",2,Amenaza,Hombre,Ninguna,Multiple,entre 61 y 100,42,37,47,38,48
2024/01/31 00:00:00.000000000,"REPORTE VICTIMAS POR HECHO, CIFRA DEPARTAMENTAL (SEXO, ETNIA, DISCAPACIDAD, CICLO_VITAL) personas: (Ocurrencia, DeclaraciÃ³n, UbicaciÃ³n, Sujetos AtenciÃ³n y Eventos)",2,Amenaza,LGBTI,Ninguna,Visual,entre 29 y 60,2,1,1,1,2
31/12/2025,"REPORTE VICTIMAS POR HECHO, CIFRA DEPARTAMENTAL (SEXO, ETNIA, DISCAPACIDAD, CICLO_VITAL) personas: (Ocurrencia, Declaraciï¿½n, Ubicaciï¿½n, Sujetos Atenciï¿½n y Eventos)",2,Amenaza,Hombre,Ninguna,Multiple,entre 18 y 28,14,16,9,9,17
30/04/2025,"REPORTE VICTIMAS POR HECHO, CIFRA DEPARTAMENTAL (SEXO, ETNIA, DISCAPACIDAD, CICLO_VITAL) personas: (Ocurrencia, Declaraciï¿½n, Ubicaciï¿½n, Sujetos Atenciï¿½n y Eventos)",2,Amenaza,Hombre,Ninguna,Por Establecer,entre 29 y 59,36,30,28,26,37
2023/06/30 00:00:00.000000000,"REPORTE VICTIMAS POR HECHO, CIFRA DEPARTAMENTAL (SEXO, ETNIA, DISCAPACIDAD, CICLO_VITAL) personas: (Ocurrencia, DeclaraciÃ³n, UbicaciÃ³n, Sujetos AtenciÃ³n y Eventos)",5,Desplazamiento forzado,Hombre,Ninguna,Ninguna,entre 6 y 11,"6,937","10,750","10,310","9,118","7,056"
31/07/2025,"REPORTE VICTIMAS POR HECHO, CIFRA DEPARTAMENTAL (SEXO, ETNIA, DISCAPACIDAD, CICLO_VITAL) personas: (Ocurrencia, Declaraciï¿½n, Ubicaciï¿½n, Sujetos Atenciï¿½n y Eventos)",2,Amenaza,Mujer,Ninguna,Ninguna,entre 18 y 28,846,"1,010",995,994,917
31/01/2025,"REPORTE VICTIMAS POR HECHO, CIFRA DEPARTAMENTAL (SEXO, ETNIA, DISCAPACIDAD, CICLO_VITAL) personas: (Ocurrencia, DeclaraciÃ³n, UbicaciÃ³n, Sujetos AtenciÃ³n y Eventos)",6,Homicidio,Mujer,Ninguna,Visual,entre 29 y 59,34,33,28,27,38
31/10/2024,"REPORTE VICTIMAS POR HECHO, CIFRA DEPARTAMENTAL (SEXO, ETNIA, DISCAPACIDAD, CICLO_VITAL) personas: (Ocurrencia, DeclaraciÃ³n, UbicaciÃ³n, Sujetos AtenciÃ³n y Eventos)",5,Desplazamiento forzado,LGBTI,Ninguna,Ninguna,entre 12 y 17,1,2,1,1,1
2024/06/30 00:00:00.000000000,"REPORTE VICTIMAS POR HECHO, CIFRA DEPARTAMENTAL (SEXO, ETNIA, DISCAPACIDAD, CICLO_VITAL) personas: (Ocurrencia, DeclaraciÃ³n, UbicaciÃ³n, Sujetos AtenciÃ³n y Eventos)",6,Homicidio,Mujer,Indigena,Ninguna,entre 29 y 60,36,21,46,44,40
2024/05/31 00:00:00.000000000,"REPORTE VICTIMAS POR HECHO, CIFRA DEPARTAMENTAL (SEXO, ETNIA, DISCAPACIDAD, CICLO_VITAL) personas: (Ocurrencia, DeclaraciÃ³n, UbicaciÃ³n, Sujetos AtenciÃ³n y Eventos)",2,Amenaza,Hombre,Ninguna,Fisica,entre 12 y 17,6,5,5,5,6
2022/07/31 00:00:00.000000000,"REPORTE VICTIMAS POR HECHO, CIFRA DEPARTAMENTAL (SEXO, ETNIA, DISCAPACIDAD, CICLO_VITAL) personas: (Ocurrencia, DeclaraciÃ³n, UbicaciÃ³n, Sujetos AtenciÃ³n y Eventos)",6,Homicidio,Hombre,Ninguna,Multiple,entre 61 y 100,52,62,57,39,54
2024/02/29 00:00:00.000000000,"REPORTE VICTIMAS POR HECHO, CIFRA DEPARTAMENTAL (SEXO, ETNIA, DISCAPACIDAD, CICLO_VITAL) personas: (Ocurrencia, DeclaraciÃ³n, UbicaciÃ³n, Sujetos AtenciÃ³n y Eventos)",14,Lesiones Personales Psicologicas,Hombre,Ninguna,Por Establecer,entre 29 y 60,30,44,53,50,30
2023/11/30 00:00:00.000000000,"REPORTE VICTIMAS POR HECHO, CIFRA DEPARTAMENTAL (SEXO, ETNIA, DISCAPACIDAD, CICLO_VITAL) personas: (Ocurrencia, DeclaraciÃ³n, UbicaciÃ³n, Sujetos AtenciÃ³n y Eventos)",4,DesapariciÃ³n forzada,Mujer,Ninguna,Fisica,entre 29 y 60,16,25,27,24,17
31/10/2025,"REPORTE VICTIMAS POR HECHO, CIFRA DEPARTAMENTAL (SEXO, ETNIA, DISCAPACIDAD, CICLO_VITAL) personas: (Ocurrencia, Declaraciï¿½n, Ubicaciï¿½n, Sujetos Atenciï¿½n y Eventos)",5,Desplazamiento forzado,Hombre,Ninguna,Fisica,entre 6 y 11,6,12,7,5,7
2024/02/29 00:00:00.000000000,"REPORTE VICTIMAS POR HECHO, CIFRA DEPARTAMENTAL (SEXO, ETNIA, DISCAPACIDAD, CICLO_VITAL) personas: (Ocurrencia, DeclaraciÃ³n, UbicaciÃ³n, Sujetos AtenciÃ³n y Eventos)",14,Lesiones Personales Psicologicas,Hombre,Ninguna,Intelectual,entre 29 y 60,2,2,2,2,2
30/11/2025,"REPORTE VICTIMAS POR HECHO, CIFRA DEPARTAMENTAL (SEXO, ETNIA, DISCAPACIDAD, CICLO_VITAL) personas: (Ocurrencia, Declaraciï¿½n, Ubicaciï¿½n, Sujetos Atenciï¿½n y Eventos)",5,Desplazamiento forzado,Intersexual,Ninguna,Ninguna,entre 29 y 59,12,19,16,15,18
2023/05/31 00:00:00.000000000,"REPORTE VICTIMAS POR HECHO, CIFRA DEPARTAMENTAL (SEXO, ETNIA, DISCAPACIDAD, CICLO_VITAL) personas: (Ocurrencia, DeclaraciÃ³n, UbicaciÃ³n, Sujetos AtenciÃ³n y Eventos)",6,Homicidio,Hombre,Indigena,Ninguna,entre 18 y 28,5,3,7,7,5
2022/10/31 00:00:00.000000000,"REPORTE VICTIMAS POR HECHO, CIFRA DEPARTAMENTAL (SEXO, ETNIA, DISCAPACIDAD, CICLO_VITAL) personas: (Ocurrencia, DeclaraciÃ³n, UbicaciÃ³n, Sujetos AtenciÃ³n y Eventos)",3,Delitos contra la libertad y la integridad sexual en desarrollo del conflicto armado,Mujer,Ninguna,Visual,entre 29 y 60,8,8,7,6,8
31/08/2025,"REPORTE VICTIMAS POR HECHO, CIFRA DEPARTAMENTAL (SEXO, ETNIA, DISCAPACIDAD, CICLO_VITAL) personas: (Ocurrencia, Declaraciï¿½n, Ubicaciï¿½n, Sujetos Atenciï¿½n y Eventos)",2,Amenaza,Hombre,Indigena,Ninguna,entre 29 y 59,17,14,20,20,17
2023/08/31 00:00:00.000000000,"REPORTE VICTIMAS POR HECHO, CIFRA DEPARTAMENTAL (SEXO, ETNIA, DISCAPACIDAD, CICLO_VITAL) personas: (Ocurrencia, DeclaraciÃ³n, UbicaciÃ³n, Sujetos AtenciÃ³n y Eventos)",14,Lesiones Personales Psicologicas,Hombre,Ninguna,Visual,entre 61 y 100,2,1,2,2,2
30/06/2025,"REPORTE VICTIMAS POR HECHO, CIFRA DEPARTAMENTAL (SEXO, ETNIA, DISCAPACIDAD, CICLO_VITAL) personas: (Ocurrencia, Declaraciï¿½n, Ubicaciï¿½n, Sujetos Atenciï¿½n y Eventos)",5,Desplazamiento forzado,Hombre,Ninguna,Ninguna,entre 0 y 5,811,"1,516","1,213",866,819
30/09/2025,"REPORTE VICTIMAS POR HECHO, CIFRA DEPARTAMENTAL (SEXO, ETNIA, DISCAPACIDAD, CICLO_VITAL) personas: (Ocurrencia, Declaraciï¿½n, Ubicaciï¿½n, Sujetos Atenciï¿½n y Eventos)",5,Desplazamiento forzado,Mujer,Ninguna,Visual,entre 12 y 17,5,9,5,5,5
2024/05/31 00:00:00.000000000,"REPORTE VICTIMAS POR HECHO, CIFRA DEPARTAMENTAL (SEXO, ETNIA, DISCAPACIDAD, CICLO_VITAL) personas: (Ocurrencia, DeclaraciÃ³n, UbicaciÃ³n, Sujetos AtenciÃ³n y Eventos)",2,Amenaza,Hombre,Ninguna,Fisica,entre 0 y 5,1,1,1,1,1
30/11/2024,"REPORTE VICTIMAS POR HECHO, CIFRA DEPARTAMENTAL (SEXO, ETNIA, DISCAPACIDAD, CICLO_VITAL) personas: (Ocurrencia, DeclaraciÃ³n, UbicaciÃ³n, Sujetos AtenciÃ³n y Eventos)",8,Secuestro,Hombre,Ninguna,Auditiva,entre 29 y 59,1,3,3,3,1
31/07/2025,"REPORTE VICTIMAS POR HECHO, CIFRA DEPARTAMENTAL (SEXO, ETNIA, DISCAPACIDAD, CICLO_VITAL) personas: (Ocurrencia, Declaraciï¿½n, Ubicaciï¿½n, Sujetos Atenciï¿½n y Eventos)",1,Acto terrorista / Atentados / Combates / Enfrentamientos / Hostigamientos,Hombre,Ninguna,Por Establecer,entre 29 y 59,4,6,7,6,4
30/06/2025,"REPORTE VICTIMAS POR HECHO, CIFRA DEPARTAMENTAL (SEXO, ETNIA, DISCAPACIDAD, CICLO_VITAL) personas: (Ocurrencia, Declaraciï¿½n, Ubicaciï¿½n, Sujetos Atenciï¿½n y Eventos)",1,Acto terrorista / Atentados / Combates / Enfrentamientos / Hostigamientos,Hombre,Ninguna,Ninguna,entre 29 y 59,223,252,249,219,237
2023/12/31 00:00:00.000000000,"REPORTE VICTIMAS POR HECHO, CIFRA DEPARTAMENTAL (SEXO, ETNIA, DISCAPACIDAD, CICLO_VITAL) personas: (Ocurrencia, DeclaraciÃ³n, UbicaciÃ³n, Sujetos AtenciÃ³n y Eventos)",5,Desplazamiento forzado,Hombre,Ninguna,Ninguna,entre 18 y 28,"19,640","28,869","24,808","21,992","20,622"
2022/08/31 00:00:00.000000000,"REPORTE VICTIMAS POR HECHO, CIFRA DEPARTAMENTAL (SEXO, ETNIA, DISCAPACIDAD, CICLO_VITAL) personas: (Ocurrencia, DeclaraciÃ³n, UbicaciÃ³n, Sujetos AtenciÃ³n y Eventos)",2,Amenaza,Hombre,Ninguna,Por Establecer,entre 6 y 11,1,2,1,1,1
2024/05/31 00:00:00.000000000,"REPORTE VICTIMAS POR HECHO, CIFRA DEPARTAMENTAL (SEXO, ETNIA, DISCAPACIDAD, CICLO_VITAL) personas: (Ocurrencia, DeclaraciÃ³n, UbicaciÃ³n, Sujetos AtenciÃ³n y Eventos)",6,Homicidio,Mujer,Ninguna,Por Establecer,entre 12 y 17,2,2,2,2,2
31/07/2025,"REPORTE VICTIMAS POR HECHO, CIFRA DEPARTAMENTAL (SEXO, ETNIA, DISCAPACIDAD, CICLO_VITAL) personas: (Ocurrencia, Declaraciï¿½n, Ubicaciï¿½n, Sujetos Atenciï¿½n y Eventos)",5,Desplazamiento forzado,Hombre,Indigena,Por Establecer,entre 60 y 110,6,5,5,3,7
2022/10/31 00:00:00.000000000,"REPORTE VICTIMAS POR HECHO, CIFRA DEPARTAMENTAL (SEXO, ETNIA, DISCAPACIDAD, CICLO_VITAL) personas: (Ocurrencia, DeclaraciÃ³n, UbicaciÃ³n, Sujetos AtenciÃ³n y Eventos)",6,Homicidio,Hombre,Indigena,Ninguna,entre 18 y 28,5,3,8,8,5
2024/07/31 00:00:00.000000000,"REPORTE VICTIMAS POR HECHO, CIFRA DEPARTAMENTAL (SEXO, ETNIA, DISCAPACIDAD, CICLO_VITAL) personas: (Ocurrencia, DeclaraciÃ³n, UbicaciÃ³n, Sujetos AtenciÃ³n y Eventos)",5,Desplazamiento forzado,Mujer,Ninguna,Por Establecer,entre 18 y 28,175,265,237,220,193
2023/07/31 00:00:00.000000000,"REPORTE VICTIMAS POR HECHO, CIFRA DEPARTAMENTAL (SEXO, ETNIA, DISCAPACIDAD, CICLO_VITAL) personas: (Ocurrencia, DeclaraciÃ³n, UbicaciÃ³n, Sujetos AtenciÃ³n y Eventos)",2,Amenaza,Hombre,Indigena,Fisica,entre 29 y 60,3,3,1,1,3
31/10/2024,"REPORTE VICTIMAS POR HECHO, CIFRA DEPARTAMENTAL (SEXO, ETNIA, DISCAPACIDAD, CICLO_VITAL) personas: (Ocurrencia, DeclaraciÃ³n, UbicaciÃ³n, Sujetos AtenciÃ³n y Eventos)",13,Lesiones Personales Fisicas,Hombre,Ninguna,Multiple,entre 60 y 110,11,8,9,8,11
2022/10/31 00:00:00.000000000,"REPORTE VICTIMAS POR HECHO, CIFRA DEPARTAMENTAL (SEXO, ETNIA, DISCAPACIDAD, CICLO_VITAL) personas: (Ocurrencia, DeclaraciÃ³n, UbicaciÃ³n, Sujetos AtenciÃ³n y Eventos)",2,Amenaza,Hombre,Indigena,Ninguna,entre 61 y 100,1,1,4,4,1
2023/11/30 00:00:00.000000000,"REPORTE VICTIMAS POR HECHO, CIFRA DEPARTAMENTAL (SEXO, ETNIA, DISCAPACIDAD, CICLO_VITAL) personas: (Ocurrencia, DeclaraciÃ³n, UbicaciÃ³n, Sujetos AtenciÃ³n y Eventos)",1,Acto terrorista / Atentados / Combates / Enfrentamientos / Hostigamientos,Hombre,Ninguna,Auditiva,entre 61 y 100,5,4,4,2,5
2022/12/31 00:00:00.000000000,"REPORTE VICTIMAS POR HECHO, CIFRA DEPARTAMENTAL (SEXO, ETNIA, DISCAPACIDAD, CICLO_VITAL) personas: (Ocurrencia, DeclaraciÃ³n, UbicaciÃ³n, Sujetos AtenciÃ³n y Eventos)",10,VinculaciÃ³n de NiÃ±os NiÃ±as y Adolescentes a Actividades Relacionadas con grupos armados,Mujer,Ninguna,Fisica,entre 29 y 60,2,4,2,2,4
2022/03/31 00:00:00.000000000,"REPORTE VICTIMAS POR HECHO, CIFRA DEPARTAMENTAL (SEXO, ETNIA, DISCAPACIDAD, CICLO_VITAL) personas: (Ocurrencia, DeclaraciÃ³n, UbicaciÃ³n, Sujetos AtenciÃ³n y Eventos)",1,Acto terrorista / Atentados / Combates / Enfrentamientos / Hostigamientos,Hombre,Ninguna,Fisica,entre 29 y 60,57,83,92,87,60
2023/06/30 00:00:00.000000000,"REPORTE VICTIMAS POR HECHO, CIFRA DEPARTAMENTAL (SEXO, ETNIA, DISCAPACIDAD, CICLO_VITAL) personas: (Ocurrencia, DeclaraciÃ³n, UbicaciÃ³n, Sujetos AtenciÃ³n y Eventos)",13,Lesiones Personales Fisicas,Mujer,Ninguna,Fisica,entre 61 y 100,3,3,3,3,3
2022/09/30 00:00:00.000000000,"REPORTE VICTIMAS POR HECHO, CIFRA DEPARTAMENTAL (SEXO, ETNIA, DISCAPACIDAD, CICLO_VITAL) personas: (Ocurrencia, DeclaraciÃ³n, UbicaciÃ³n, Sujetos AtenciÃ³n y Eventos)",2,Amenaza,LGBTI,Ninguna,Visual,entre 29 y 60,1,1,1,1,1
2023/01/31 00:00:00.000000000,"REPORTE VICTIMAS POR HECHO, CIFRA DEPARTAMENTAL (SEXO, ETNIA, DISCAPACIDAD, CICLO_VITAL) personas: (Ocurrencia, DeclaraciÃ³n, UbicaciÃ³n, Sujetos AtenciÃ³n y Eventos)",6,Homicidio,Hombre,Ninguna,Multiple,entre 61 y 100,53,62,58,40,55
2022/09/30 00:00:00.000000000,"REPORTE VICTIMAS POR HECHO, CIFRA DEPARTAMENTAL (SEXO, ETNIA, DISCAPACIDAD, CICLO_VITAL) personas: (Ocurrencia, DeclaraciÃ³n, UbicaciÃ³n, Sujetos AtenciÃ³n y Eventos)",6,Homicidio,Hombre,Ninguna,Multiple,entre 61 y 100,53,62,57,39,55
2024/07/31 00:00:00.000000000,"REPORTE VICTIMAS POR HECHO, CIFRA DEPARTAMENTAL (SEXO, ETNIA, DISCAPACIDAD, CICLO_VITAL) personas: (Ocurrencia, DeclaraciÃ³n, UbicaciÃ³n, Sujetos AtenciÃ³n y Eventos)",3,Delitos contra la libertad y la integridad sexual en desarrollo del conflicto armado,LGBTI,Ninguna,Multiple,entre 29 y 60,3,2,2,2,5
2022/03/31 00:00:00.000000000,"REPORTE VICTIMAS POR HECHO, CIFRA DEPARTAMENTAL (SEXO, ETNIA, DISCAPACIDAD, CICLO_VITAL) personas: (Ocurrencia, DeclaraciÃ³n, UbicaciÃ³n, Sujetos AtenciÃ³n y Eventos)",1,Acto terrorista / Atentados / Combates / Enfrentamientos / Hostigamientos,Mujer,Ninguna,Ninguna,entre 29 y 60,166,160,166,163,179
31/01/2026,"REPORTE VICTIMAS POR HECHO, CIFRA DEPARTAMENTAL (SEXO, ETNIA, DISCAPACIDAD, CICLO_VITAL) personas: (Ocurrencia, Declaraciï¿½n, Ubicaciï¿½n, Sujetos Atenciï¿½n y Eventos)",6,Homicidio,Hombre,Indigena,Ninguna,entre 29 y 59,23,21,25,23,24
2022/01/31 00:00:00.000000000,"REPORTE VICTIMAS POR HECHO, CIFRA DEPARTAMENTAL (SEXO, ETNIA, DISCAPACIDAD, CICLO_VITAL) personas: (Ocurrencia, DeclaraciÃ³n, UbicaciÃ³n, Sujetos AtenciÃ³n y Eventos)",5,Desplazamiento forzado,Hombre,Indigena,Fisica,entre 29 y 60,5,7,4,4,6
2023/05/31 00:00:00.000000000,"REPORTE VICTIMAS POR HECHO, CIFRA DEPARTAMENTAL (SEXO, ETNIA, DISCAPACIDAD, CICLO_VITAL) personas: (Ocurrencia, DeclaraciÃ³n, UbicaciÃ³n, Sujetos AtenciÃ³n y Eventos)",10,VinculaciÃ³n de NiÃ±os NiÃ±as y Adolescentes a Actividades Relacionadas con grupos armados,Hombre,Ninguna,Ninguna,entre 18 y 28,7,41,26,26,7
2023/08/31 00:00:00.000000000,"REPORTE VICTIMAS POR HECHO, CIFRA DEPARTAMENTAL (SEXO, ETNIA, DISCAPACIDAD, CICLO_VITAL) personas: (Ocurrencia, DeclaraciÃ³n, UbicaciÃ³n, Sujetos AtenciÃ³n y Eventos)",5,Desplazamiento forzado,Hombre,Ninguna,Por Establecer,entre 6 y 11,49,71,76,66,49
2022/06/30 00:00:00.000000000,"REPORTE VICTIMAS POR HECHO, CIFRA DEPARTAMENTAL (SEXO, ETNIA, DISCAPACIDAD, CICLO_VITAL) personas: (Ocurrencia, DeclaraciÃ³n, UbicaciÃ³n, Sujetos AtenciÃ³n y Eventos)",1,Acto terrorista / Atentados / Combates / Enfrentamientos / Hostigamientos,Hombre,Ninguna,Auditiva,entre 61 y 100,5,3,3,2,5
2023/02/28 00:00:00.000000000,"REPORTE VICTIMAS POR HECHO, CIFRA DEPARTAMENTAL (SEXO, ETNIA, DISCAPACIDAD, CICLO_VITAL) personas: (Ocurrencia, DeclaraciÃ³n, UbicaciÃ³n, Sujetos AtenciÃ³n y Eventos)",5,Desplazamiento forzado,Mujer,Ninguna,Visual,entre 61 y 100,158,191,173,132,168
31/01/2025,"REPORTE VICTIMAS POR HECHO, CIFRA DEPARTAMENTAL (SEXO, ETNIA, DISCAPACIDAD, CICLO_VITAL) personas: (Ocurrencia, DeclaraciÃ³n, UbicaciÃ³n, Sujetos AtenciÃ³n y Eventos)",5,Desplazamiento forzado,Mujer,Ninguna,Auditiva,entre 12 y 17,10,11,9,8,11
2023/08/31 00:00:00.000000000,"REPORTE VICTIMAS POR HECHO, CIFRA DEPARTAMENTAL (SEXO, ETNIA, DISCAPACIDAD, CICLO_VITAL) personas: (Ocurrencia, DeclaraciÃ³n, UbicaciÃ³n, Sujetos AtenciÃ³n y Eventos)",3,Delitos contra la libertad y la integridad sexual en desarrollo del conflicto armado,Mujer,Ninguna,Por Establecer,entre 29 y 60,16,18,16,16,17
2022/11/30 00:00:00.000000000,"REPORTE VICTIMAS POR HECHO, CIFRA DEPARTAMENTAL (SEXO, ETNIA, DISCAPACIDAD, CICLO_VITAL) personas: (Ocurrencia, DeclaraciÃ³n, UbicaciÃ³n, Sujetos AtenciÃ³n y Eventos)",6,Homicidio,Hombre,Ninguna,Ninguna,entre 18 y 28,"1,307","1,220","1,258","1,221","1,345"
2023/08/31 00:00:00.000000000,"REPORTE VICTIMAS POR HECHO, CIFRA DEPARTAMENTAL (SEXO, ETNIA, DISCAPACIDAD, CICLO_VITAL) personas: (Ocurrencia, DeclaraciÃ³n, UbicaciÃ³n, Sujetos AtenciÃ³n y Eventos)",1,Acto terrorista / Atentados / Combates / Enfrentamientos / Hostigamientos,Hombre,Ninguna,Multiple,entre 29 y 60,43,61,62,57,47
2023/12/31 00:00:00.000000000,"REPORTE VICTIMAS POR HECHO, CIFRA DEPARTAMENTAL (SEXO, ETNIA, DISCAPACIDAD, CICLO_VITAL) personas: (Ocurrencia, DeclaraciÃ³n, UbicaciÃ³n, Sujetos AtenciÃ³n y Eventos)",6,Homicidio,Hombre,Ninguna,Intelectual,entre 29 y 60,16,14,10,10,18
2022/08/31 00:00:00.000000000,"REPORTE VICTIMAS POR HECHO, CIFRA DEPARTAMENTAL (SEXO, ETNIA, DISCAPACIDAD, CICLO_VITAL) personas: (Ocurrencia, DeclaraciÃ³n, UbicaciÃ³n, Sujetos AtenciÃ³n y Eventos)",9,Tortura,Mujer,Ninguna,Por Establecer,entre 29 y 60,1,2,2,2,1
2023/07/31 00:00:00.000000000,"REPORTE VICTIMAS POR HECHO, CIFRA DEPARTAMENTAL (SEXO, ETNIA, DISCAPACIDAD, CICLO_VITAL) personas: (Ocurrencia, DeclaraciÃ³n, UbicaciÃ³n, Sujetos AtenciÃ³n y Eventos)",4,DesapariciÃ³n forzada,Hombre,Ninguna,Multiple,entre 29 y 60,8,12,13,11,8
31/08/2025,"REPORTE VICTIMAS POR HECHO, CIFRA DEPARTAMENTAL (SEXO, ETNIA, DISCAPACIDAD, CICLO_VITAL) personas: (Ocurrencia, Declaraciï¿½n, Ubicaciï¿½n, Sujetos Atenciï¿½n y Eventos)",11,Abandono o Despojo Forzado de Tierras,Hombre,Ninguna,Ninguna,entre 60 y 110,255,18,244,212,350
2023/07/31 00:00:00.000000000,"REPORTE VICTIMAS POR HECHO, CIFRA DEPARTAMENTAL (SEXO, ETNIA, DISCAPACIDAD, CICLO_VITAL) personas: (Ocurrencia, DeclaraciÃ³n, UbicaciÃ³n, Sujetos AtenciÃ³n y Eventos)",3,Delitos contra la libertad y la integridad sexual en desarrollo del conflicto armado,Mujer,Indigena,Ninguna,entre 29 y 60,4,6,5,5,4
2022/08/31 00:00:00.000000000,"REPORTE VICTIMAS POR HECHO, CIFRA DEPARTAMENTAL (SEXO, ETNIA, DISCAPACIDAD, CICLO_VITAL) personas: (Ocurrencia, DeclaraciÃ³n, UbicaciÃ³n, Sujetos AtenciÃ³n y Eventos)",4,DesapariciÃ³n forzada,Mujer,Indigena,Fisica,entre 29 y 60,1,1,1,1,2
2022/07/31 00:00:00.000000000,"REPORTE VICTIMAS POR HECHO, CIFRA DEPARTAMENTAL (SEXO, ETNIA, DISCAPACIDAD, CICLO_VITAL) personas: (Ocurrencia, DeclaraciÃ³n, UbicaciÃ³n, Sujetos AtenciÃ³n y Eventos)",1,Acto terrorista / Atentados / Combates / Enfrentamientos / Hostigamientos,Mujer,Ninguna,Multiple,entre 61 y 100,9,13,12,9,9
30/09/24,"REPORTE VICTIMAS POR HECHO, CIFRA DEPARTAMENTAL (SEXO, ETNIA, DISCAPACIDAD, CICLO_VITAL) personas: (Ocurrencia, DeclaraciÃ³n, UbicaciÃ³n, Sujetos AtenciÃ³n y Eventos)",8,Secuestro,Mujer,Ninguna,Fisica,entre 60 y 110,3,4,3,2,3
2024/04/30 00:00:00.000000000,"REPORTE VICTIMAS POR HECHO, CIFRA DEPARTAMENTAL (SEXO, ETNIA, DISCAPACIDAD, CICLO_VITAL) personas: (Ocurrencia, DeclaraciÃ³n, UbicaciÃ³n, Sujetos AtenciÃ³n y Eventos)",8,Secuestro,Hombre,Ninguna,Auditiva,entre 29 y 60,2,4,4,4,2
2024/04/30 00:00:00.000000000,"REPORTE VICTIMAS POR HECHO, CIFRA DEPARTAMENTAL (SEXO, ETNIA, DISCAPACIDAD, CICLO_VITAL) personas: (Ocurrencia, DeclaraciÃ³n, UbicaciÃ³n, Sujetos AtenciÃ³n y Eventos)",5,Desplazamiento forzado,Mujer,Ninguna,Auditiva,entre 6 y 11,2,4,3,3,2
30/04/2025,"REPORTE VICTIMAS POR HECHO, CIFRA DEPARTAMENTAL (SEXO, ETNIA, DISCAPACIDAD, CICLO_VITAL) personas: (Ocurrencia, Declaraciï¿½n, Ubicaciï¿½n, Sujetos Atenciï¿½n y Eventos)",6,Homicidio,Hombre,Ninguna,Ninguna,entre 18 y 28,986,929,900,855,"1,013"
31/10/2025,"REPORTE VICTIMAS POR HECHO, CIFRA DEPARTAMENTAL (SEXO, ETNIA, DISCAPACIDAD, CICLO_VITAL) personas: (Ocurrencia, Declaraciï¿½n, Ubicaciï¿½n, Sujetos Atenciï¿½n y Eventos)",5,Desplazamiento forzado,Mujer,Ninguna,Psicosocial (Mental),entre 6 y 11,1,1,1,1,1
2024/06/30 00:00:00.000000000,"REPORTE VICTIMAS POR HECHO, CIFRA DEPARTAMENTAL (SEXO, ETNIA, DISCAPACIDAD, CICLO_VITAL) personas: (Ocurrencia, DeclaraciÃ³n, UbicaciÃ³n, Sujetos AtenciÃ³n y Eventos)",5,Desplazamiento forzado,Mujer,Ninguna,Visual,entre 61 y 100,169,206,196,148,179
2023/03/31 00:00:00.000000000,"REPORTE VICTIMAS POR HECHO, CIFRA DEPARTAMENTAL (SEXO, ETNIA, DISCAPACIDAD, CICLO_VITAL) personas: (Ocurrencia, DeclaraciÃ³n, UbicaciÃ³n, Sujetos AtenciÃ³n y Eventos)",5,Desplazamiento forzado,Mujer,Ninguna,Auditiva,entre 29 y 60,131,166,163,151,144
31/12/2025,"REPORTE VICTIMAS POR HECHO, CIFRA DEPARTAMENTAL (SEXO, ETNIA, DISCAPACIDAD, CICLO_VITAL) personas: (Ocurrencia, Declaraciï¿½n, Ubicaciï¿½n, Sujetos Atenciï¿½n y Eventos)",12,Perdida de Bienes Muebles o Inmuebles,Hombre,Ninguna,Fisica,entre 60 y 110,25,32,33,29,26
30/09/24,"REPORTE VICTIMAS POR HECHO, CIFRA DEPARTAMENTAL (SEXO, ETNIA, DISCAPACIDAD, CICLO_VITAL) personas: (Ocurrencia, DeclaraciÃ³n, UbicaciÃ³n, Sujetos AtenciÃ³n y Eventos)",9,Tortura,Hombre,Ninguna,Intelectual,entre 18 y 28,1,1,1,1,1
28/02/2025,"REPORTE VICTIMAS POR HECHO, CIFRA DEPARTAMENTAL (SEXO, ETNIA, DISCAPACIDAD, CICLO_VITAL) personas: (Ocurrencia, Declaraciï¿½n, Ubicaciï¿½n, Sujetos Atenciï¿½n y Eventos)",4,Desapariciï¿½n forzada,Mujer,Ninguna,Por Establecer,entre 18 y 28,2,2,1,1,2
2023/07/31 00:00:00.000000000,"REPORTE VICTIMAS POR HECHO, CIFRA DEPARTAMENTAL (SEXO, ETNIA, DISCAPACIDAD, CICLO_VITAL) personas: (Ocurrencia, DeclaraciÃ³n, UbicaciÃ³n, Sujetos AtenciÃ³n y Eventos)",9,Tortura,Mujer,Ninguna,Ninguna,entre 61 y 100,13,16,16,13,13
2023/12/31 00:00:00.000000000,"REPORTE VICTIMAS POR HECHO, CIFRA DEPARTAMENTAL (SEXO, ETNIA, DISCAPACIDAD, CICLO_VITAL) personas: (Ocurrencia, DeclaraciÃ³n, UbicaciÃ³n, Sujetos AtenciÃ³n y Eventos)",2,Amenaza,Mujer,Ninguna,Visual,entre 61 y 100,8,7,13,11,9
2024/04/30 00:00:00.000000000,"REPORTE VICTIMAS POR HECHO, CIFRA DEPARTAMENTAL (SEXO, ETNIA, DISCAPACIDAD, CICLO_VITAL) personas: (Ocurrencia, DeclaraciÃ³n, UbicaciÃ³n, Sujetos AtenciÃ³n y Eventos)",5,Desplazamiento forzado,Mujer,Ninguna,Por Establecer,entre 6 y 11,36,54,44,39,37
2022/09/30 00:00:00.000000000,"REPORTE VICTIMAS POR HECHO, CIFRA DEPARTAMENTAL (SEXO, ETNIA, DISCAPACIDAD, CICLO_VITAL) personas: (Ocurrencia, DeclaraciÃ³n, UbicaciÃ³n, Sujetos AtenciÃ³n y Eventos)",2,Amenaza,Mujer,Ninguna,Auditiva,entre 29 y 60,8,11,11,11,9
31/05/2025,"REPORTE VICTIMAS POR HECHO, CIFRA DEPARTAMENTAL (SEXO, ETNIA, DISCAPACIDAD, CICLO_VITAL) personas: (Ocurrencia, Declaraciï¿½n, Ubicaciï¿½n, Sujetos Atenciï¿½n y Eventos)",1,Acto terrorista / Atentados / Combates / Enfrentamientos / Hostigamientos,Hombre,Ninguna,Ninguna,entre 29 y 59,222,250,248,218,236
2023/05/31 00:00:00.000000000,"REPORTE VICTIMAS POR HECHO, CIFRA DEPARTAMENTAL (SEXO, ETNIA, DISCAPACIDAD, CICLO_VITAL) personas: (Ocurrencia, DeclaraciÃ³n, UbicaciÃ³n, Sujetos AtenciÃ³n y Eventos)",4,DesapariciÃ³n forzada,Mujer,Ninguna,Ninguna,entre 12 y 17,9,7,10,10,9
2022/09/30 00:00:00.000000000,"REPORTE VICTIMAS POR HECHO, CIFRA DEPARTAMENTAL (SEXO, ETNIA, DISCAPACIDAD, CICLO_VITAL) personas: (Ocurrencia, DeclaraciÃ³n, UbicaciÃ³n, Sujetos AtenciÃ³n y Eventos)",5,Desplazamiento forzado,Mujer,Indigena,Fisica,entre 61 y 100,3,4,4,1,3
2024/07/31 00:00:00.000000000,"REPORTE VICTIMAS POR HECHO, CIFRA DEPARTAMENTAL (SEXO, ETNIA, DISCAPACIDAD, CICLO_VITAL) personas: (Ocurrencia, DeclaraciÃ³n, UbicaciÃ³n, Sujetos AtenciÃ³n y Eventos)",6,Homicidio,Hombre,Ninguna,Fisica,entre 61 y 100,117,117,116,78,133
2022/05/31 00:00:00.000000000,"REPORTE VICTIMAS POR HECHO, CIFRA DEPARTAMENTAL (SEXO, ETNIA, DISCAPACIDAD, CICLO_VITAL) personas: (Ocurrencia, DeclaraciÃ³n, UbicaciÃ³n, Sujetos AtenciÃ³n y Eventos)",7,"Minas Antipersonal, MuniciÃ³n sin Explotar y Artefacto Explosivo improvisado",Hombre,Ninguna,Multiple,entre 18 y 28,1,3,3,3,1
2022/10/31 00:00:00.000000000,"REPORTE VICTIMAS POR HECHO, CIFRA DEPARTAMENTAL (SEXO, ETNIA, DISCAPACIDAD, CICLO_VITAL) personas: (Ocurrencia, DeclaraciÃ³n, UbicaciÃ³n, Sujetos AtenciÃ³n y Eventos)",1,Acto terrorista / Atentados / Combates / Enfrentamientos / Hostigamientos,Mujer,Ninguna,Ninguna,entre 61 y 100,68,60,62,55,70
2023/03/31 00:00:00.000000000,"REPORTE VICTIMAS POR HECHO, CIFRA DEPARTAMENTAL (SEXO, ETNIA, DISCAPACIDAD, CICLO_VITAL) personas: (Ocurrencia, DeclaraciÃ³n, UbicaciÃ³n, Sujetos AtenciÃ³n y Eventos)",5,Desplazamiento forzado,Hombre,Ninguna,Fisica,entre 18 y 28,102,179,151,135,112
2023/01/31 00:00:00.000000000,"REPORTE VICTIMAS POR HECHO, CIFRA DEPARTAMENTAL (SEXO, ETNIA, DISCAPACIDAD, CICLO_VITAL) personas: (Ocurrencia, DeclaraciÃ³n, UbicaciÃ³n, Sujetos AtenciÃ³n y Eventos)",5,Desplazamiento forzado,Mujer,Ninguna,Ninguna,entre 18 y 28,"19,095","28,101","23,872","21,597","20,079"
2024/02/29 00:00:00.000000000,"REPORTE VICTIMAS POR HECHO, CIFRA DEPARTAMENTAL (SEXO, ETNIA, DISCAPACIDAD, CICLO_VITAL) personas: (Ocurrencia, DeclaraciÃ³n, UbicaciÃ³n, Sujetos AtenciÃ³n y Eventos)",1,Acto terrorista / Atentados / Combates / Enfrentamientos / Hostigamientos,Mujer,Ninguna,Ninguna,entre 12 y 17,6,10,15,14,6
2022/06/30 00:00:00.000000000,"REPORTE VICTIMAS POR HECHO, CIFRA DEPARTAMENTAL (SEXO, ETNIA, DISCAPACIDAD, CICLO_VITAL) personas: (Ocurrencia, DeclaraciÃ³n, UbicaciÃ³n, Sujetos AtenciÃ³n y Eventos)",13,Lesiones Personales Fisicas,Hombre,Ninguna,Ninguna,entre 18 y 28,1,4,13,13,1
2023/01/31 00:00:00.000000000,"REPORTE VICTIMAS POR HECHO, CIFRA DEPARTAMENTAL (SEXO, ETNIA, DISCAPACIDAD, CICLO_VITAL) personas: (Ocurrencia, DeclaraciÃ³n, UbicaciÃ³n, Sujetos AtenciÃ³n y Eventos)",2,Amenaza,Hombre,Indigena,Por Establecer,entre 61 y 100,1,1,1,1,1
2022/07/31 00:00:00.000000000,"REPORTE VICTIMAS POR HECHO, CIFRA DEPARTAMENTAL (SEXO, ETNIA, DISCAPACIDAD, CICLO_VITAL) personas: (Ocurrencia, DeclaraciÃ³n, UbicaciÃ³n, Sujetos AtenciÃ³n y Eventos)",8,Secuestro,Hombre,Ninguna,Ninguna,entre 29 y 60,436,330,420,331,444
30/04/2025,"REPORTE VICTIMAS POR HECHO, CIFRA DEPARTAMENTAL (SEXO, ETNIA, DISCAPACIDAD, CICLO_VITAL) personas: (Ocurrencia, Declaraciï¿½n, Ubicaciï¿½n, Sujetos Atenciï¿½n y Eventos)",5,Desplazamiento forzado,Hombre,Indigena,Fisica,entre 18 y 28,1,1,1,1,1
30/09/24,"REPORTE VICTIMAS POR HECHO, CIFRA DEPARTAMENTAL (SEXO, ETNIA, DISCAPACIDAD, CICLO_VITAL) personas: (Ocurrencia, DeclaraciÃ³n, UbicaciÃ³n, Sujetos AtenciÃ³n y Eventos)",4,DesapariciÃ³n forzada,Mujer,Indigena,Ninguna,entre 60 y 110,5,3,6,5,5
2022/01/31 00:00:00.000000000,"REPORTE VICTIMAS POR HECHO, CIFRA DEPARTAMENTAL (SEXO, ETNIA, DISCAPACIDAD, CICLO_VITAL) personas: (Ocurrencia, DeclaraciÃ³n, UbicaciÃ³n, Sujetos AtenciÃ³n y Eventos)",14,Lesiones Personales Psicologicas,Hombre,Indigena,Fisica,entre 29 y 60,1,1,1,1,1
31/01/2026,"REPORTE VICTIMAS POR HECHO, CIFRA DEPARTAMENTAL (SEXO, ETNIA, DISCAPACIDAD, CICLO_VITAL) personas: (Ocurrencia, Declaraciï¿½n, Ubicaciï¿½n, Sujetos Atenciï¿½n y Eventos)",14,Lesiones Personales Psicologicas,Hombre,Ninguna,Psicosocial (Mental),entre 29 y 59,1,1,2,2,1
2024/08/31 00:00:00.000000000,"REPORTE VICTIMAS POR HECHO, CIFRA DEPARTAMENTAL (SEXO, ETNIA, DISCAPACIDAD, CICLO_VITAL) personas: (Ocurrencia, DeclaraciÃ³n, UbicaciÃ³n, Sujetos AtenciÃ³n y Eventos)",5,Desplazamiento forzado,Mujer,Ninguna,Multiple,entre 60 y 110,494,672,574,393,546
30/04/2025,"REPORTE VICTIMAS POR HECHO, CIFRA DEPARTAMENTAL (SEXO, ETNIA, DISCAPACIDAD, CICLO_VITAL) personas: (Ocurrencia, Declaraciï¿½n, Ubicaciï¿½n, Sujetos Atenciï¿½n y Eventos)",11,Abandono o Despojo Forzado de Tierras,Mujer,Ninguna,Fisica,entre 60 y 110,11,1,13,12,18
30/11/2025,"REPORTE VICTIMAS POR HECHO, CIFRA DEPARTAMENTAL (SEXO, ETNIA, DISCAPACIDAD, CICLO_VITAL) personas: (Ocurrencia, Declaraciï¿½n, Ubicaciï¿½n, Sujetos Atenciï¿½n y Eventos)",5,Desplazamiento forzado,Hombre,Ninguna,Ninguna,entre 18 y 28,"19,856","29,528","23,429","20,396","20,871"
28/02/2025,"REPORTE VICTIMAS POR HECHO, CIFRA DEPARTAMENTAL (SEXO, ETNIA, DISCAPACIDAD, CICLO_VITAL) personas: (Ocurrencia, Declaraciï¿½n, Ubicaciï¿½n, Sujetos Atenciï¿½n y Eventos)",7,"Minas Antipersonal, Municiï¿½n sin Explotar y Artefacto Explosivo improvisado",Hombre,Ninguna,Visual,entre 29 y 59,2,3,4,4,2
28/02/2026,"REPORTE VICTIMAS POR HECHO, CIFRA DEPARTAMENTAL (SEXO, ETNIA, DISCAPACIDAD, CICLO_VITAL) personas: (Ocurrencia, Declaraciï¿½n, Ubicaciï¿½n, Sujetos Atenciï¿½n y Eventos)",11,Abandono o Despojo Forzado de Tierras,Mujer,Ninguna,Ninguna,entre 60 y 110,268,28,280,240,361
2022/12/31 00:00:00.000000000,"REPORTE VICTIMAS POR HECHO, CIFRA DEPARTAMENTAL (SEXO, ETNIA, DISCAPACIDAD, CICLO_VITAL) personas: (Ocurrencia, DeclaraciÃ³n, UbicaciÃ³n, Sujetos AtenciÃ³n y Eventos)",14,Lesiones Personales Psicologicas,Hombre,Ninguna,Fisica,entre 61 y 100,10,9,10,8,10
2023/03/31 00:00:00.000000000,"REPORTE VICTIMAS POR HECHO, CIFRA DEPARTAMENTAL (SEXO, ETNIA, DISCAPACIDAD, CICLO_VITAL) personas: (Ocurrencia, DeclaraciÃ³n, UbicaciÃ³n, Sujetos AtenciÃ³n y Eventos)",14,Lesiones Personales Psicologicas,Hombre,Ninguna,Por Establecer,entre 18 y 28,1,4,2,2,1
2024/02/29 00:00:00.000000000,"REPORTE VICTIMAS POR HECHO, CIFRA DEPARTAMENTAL (SEXO, ETNIA, DISCAPACIDAD, CICLO_VITAL) personas: (Ocurrencia, DeclaraciÃ³n, UbicaciÃ³n, Sujetos AtenciÃ³n y Eventos)",5,Desplazamiento forzado,Hombre,Ninguna,Psicosocial (Mental),entre 18 y 28,13,10,8,6,14
2024/06/30 00:00:00.000000000,"REPORTE VICTIMAS POR HECHO, CIFRA DEPARTAMENTAL (SEXO, ETNIA, DISCAPACIDAD, CICLO_VITAL) personas: (Ocurrencia, DeclaraciÃ³n, UbicaciÃ³n, Sujetos AtenciÃ³n y Eventos)",5,Desplazamiento forzado,Hombre,Ninguna,Psicosocial (Mental),entre 18 y 28,13,10,8,6,14
2024/07/31 00:00:00.000000000,"REPORTE VICTIMAS POR HECHO, CIFRA DEPARTAMENTAL (SEXO, ETNIA, DISCAPACIDAD, CICLO_VITAL) personas: (Ocurrencia, DeclaraciÃ³n, UbicaciÃ³n, Sujetos AtenciÃ³n y Eventos)",5,Desplazamiento forzado,Mujer,Palenquero,Ninguna,entre 29 y 60,6,8,5,4,7
30/11/2025,"REPORTE VICTIMAS POR HECHO, CIFRA DEPARTAMENTAL (SEXO, ETNIA, DISCAPACIDAD, CICLO_VITAL) personas: (Ocurrencia, Declaraciï¿½n, Ubicaciï¿½n, Sujetos Atenciï¿½n y Eventos)",9,Tortura,Mujer,Ninguna,Psicosocial (Mental),entre 29 y 59,1,1,1,1,1
2024/03/31 00:00:00.000000000,"REPORTE VICTIMAS POR HECHO, CIFRA DEPARTAMENTAL (SEXO, ETNIA, DISCAPACIDAD, CICLO_VITAL) personas: (Ocurrencia, DeclaraciÃ³n, UbicaciÃ³n, Sujetos AtenciÃ³n y Eventos)",3,Delitos contra la libertad y la integridad sexual en desarrollo del conflicto armado,Mujer,Ninguna,Ninguna,entre 29 y 60,421,456,458,452,445
31/12/2025,"REPORTE VICTIMAS POR HECHO, CIFRA DEPARTAMENTAL (SEXO, ETNIA, DISCAPACIDAD, CICLO_VITAL) personas: (Ocurrencia, Declaraciï¿½n, Ubicaciï¿½n, Sujetos Atenciï¿½n y Eventos)",5,Desplazamiento forzado,Hombre,Ninguna,Ninguna,entre 18 y 28,"19,864","29,534","23,429","20,381","20,887"
2022/10/31 00:00:00.000000000,"REPORTE VICTIMAS POR HECHO, CIFRA DEPARTAMENTAL (SEXO, ETNIA, DISCAPACIDAD, CICLO_VITAL) personas: (Ocurrencia, DeclaraciÃ³n, UbicaciÃ³n, Sujetos AtenciÃ³n y Eventos)",5,Desplazamiento forzado,Hombre,Ninguna,Auditiva,entre 12 y 17,21,29,26,26,23
2023/11/30 00:00:00.000000000,"REPORTE VICTIMAS POR HECHO, CIFRA DEPARTAMENTAL (SEXO, ETNIA, DISCAPACIDAD, CICLO_VITAL) personas: (Ocurrencia, DeclaraciÃ³n, UbicaciÃ³n, Sujetos AtenciÃ³n y Eventos)",2,Amenaza,Mujer,Ninguna,Visual,ND,1,1,1,1,1
31/08/2025,"REPORTE VICTIMAS POR HECHO, CIFRA DEPARTAMENTAL (SEXO, ETNIA, DISCAPACIDAD, CICLO_VITAL) personas: (Ocurrencia, Declaraciï¿½n, Ubicaciï¿½n, Sujetos Atenciï¿½n y Eventos)",5,Desplazamiento forzado,Mujer,Indigena,Ninguna,entre 6 y 11,16,40,39,28,17
2022/09/30 00:00:00.000000000,"REPORTE VICTIMAS POR HECHO, CIFRA DEPARTAMENTAL (SEXO, ETNIA, DISCAPACIDAD, CICLO_VITAL) personas: (Ocurrencia, DeclaraciÃ³n, UbicaciÃ³n, Sujetos AtenciÃ³n y Eventos)",4,DesapariciÃ³n forzada,Mujer,Ninguna,Multiple,entre 61 y 100,29,32,37,28,30
31/03/2025,"REPORTE VICTIMAS POR HECHO, CIFRA DEPARTAMENTAL (SEXO, ETNIA, DISCAPACIDAD, CICLO_VITAL) personas: (Ocurrencia, DeclaraciÃ³n, UbicaciÃ³n, Sujetos AtenciÃ³n y Eventos)",5,Desplazamiento forzado,Hombre,Palenquero,Ninguna,entre 0 y 5,1,1,1,1,1
2023/08/31 00:00:00.000000000,"REPORTE VICTIMAS POR HECHO, CIFRA DEPARTAMENTAL (SEXO, ETNIA, DISCAPACIDAD, CICLO_VITAL) personas: (Ocurrencia, DeclaraciÃ³n, UbicaciÃ³n, Sujetos AtenciÃ³n y Eventos)",6,Homicidio,Hombre,Ninguna,Multiple,entre 29 y 60,58,50,48,41,63
2023/08/31 00:00:00.000000000,"REPORTE VICTIMAS POR HECHO, CIFRA DEPARTAMENTAL (SEXO, ETNIA, DISCAPACIDAD, CICLO_VITAL) personas: (Ocurrencia, DeclaraciÃ³n, UbicaciÃ³n, Sujetos AtenciÃ³n y Eventos)",2,Amenaza,Hombre,Indigena,Ninguna,entre 29 y 60,15,13,18,18,15
31/12/2024,"REPORTE VICTIMAS POR HECHO, CIFRA DEPARTAMENTAL (SEXO, ETNIA, DISCAPACIDAD, CICLO_VITAL) personas: (Ocurrencia, DeclaraciÃ³n, UbicaciÃ³n, Sujetos AtenciÃ³n y Eventos)",2,Amenaza,Hombre,Indigena,Fisica,entre 29 y 59,2,3,2,2,2
2023/09/30 00:00:00.000000000,"REPORTE VICTIMAS POR HECHO, CIFRA DEPARTAMENTAL (SEXO, ETNIA, DISCAPACIDAD, CICLO_VITAL) personas: (Ocurrencia, DeclaraciÃ³n, UbicaciÃ³n, Sujetos AtenciÃ³n y Eventos)",5,Desplazamiento forzado,Mujer,Indigena,Por Establecer,entre 29 y 60,8,6,7,7,8
31/03/2025,"REPORTE VICTIMAS POR HECHO, CIFRA DEPARTAMENTAL (SEXO, ETNIA, DISCAPACIDAD, CICLO_VITAL) personas: (Ocurrencia, DeclaraciÃ³n, UbicaciÃ³n, Sujetos AtenciÃ³n y Eventos)",9,Tortura,Hombre,Ninguna,Ninguna,entre 18 y 28,8,9,6,6,8
2024/05/31 00:00:00.000000000,"REPORTE VICTIMAS POR HECHO, CIFRA DEPARTAMENTAL (SEXO, ETNIA, DISCAPACIDAD, CICLO_VITAL) personas: (Ocurrencia, DeclaraciÃ³n, UbicaciÃ³n, Sujetos AtenciÃ³n y Eventos)",6,Homicidio,Hombre,Ninguna,Ninguna,entre 18 y 28,"1,057",981,"1,066","1,029","1,083"
2024/06/30 00:00:00.000000000,"REPORTE VICTIMAS POR HECHO, CIFRA DEPARTAMENTAL (SEXO, ETNIA, DISCAPACIDAD, CICLO_VITAL) personas: (Ocurrencia, DeclaraciÃ³n, UbicaciÃ³n, Sujetos AtenciÃ³n y Eventos)",5,Desplazamiento forzado,Mujer,Ninguna,Por Establecer,entre 18 y 28,177,268,247,228,195
2022/08/31 00:00:00.000000000,"REPORTE VICTIMAS POR HECHO, CIFRA DEPARTAMENTAL (SEXO, ETNIA, DISCAPACIDAD, CICLO_VITAL) personas: (Ocurrencia, DeclaraciÃ³n, UbicaciÃ³n, Sujetos AtenciÃ³n y Eventos)",6,Homicidio,Hombre,Ninguna,Por Establecer,entre 61 y 100,193,161,202,137,214
2023/05/31 00:00:00.000000000,"REPORTE VICTIMAS POR HECHO, CIFRA DEPARTAMENTAL (SEXO, ETNIA, DISCAPACIDAD, CICLO_VITAL) personas: (Ocurrencia, DeclaraciÃ³n, UbicaciÃ³n, Sujetos AtenciÃ³n y Eventos)",5,Desplazamiento forzado,Mujer,Ninguna,Ninguna,entre 6 y 11,"6,764","10,307","9,784","8,673","6,874"
30/11/2024,"REPORTE VICTIMAS POR HECHO, CIFRA DEPARTAMENTAL (SEXO, ETNIA, DISCAPACIDAD, CICLO_VITAL) personas: (Ocurrencia, DeclaraciÃ³n, UbicaciÃ³n, Sujetos AtenciÃ³n y Eventos)",4,DesapariciÃ³n forzada,Hombre,Ninguna,Intelectual,entre 29 y 59,2,2,2,2,2
2022/05/31 00:00:00.000000000,"REPORTE VICTIMAS POR HECHO, CIFRA DEPARTAMENTAL (SEXO, ETNIA, DISCAPACIDAD, CICLO_VITAL) personas: (Ocurrencia, DeclaraciÃ³n, UbicaciÃ³n, Sujetos AtenciÃ³n y Eventos)",6,Homicidio,Mujer,Ninguna,Auditiva,entre 29 y 60,26,31,38,38,28
2023/04/30 00:00:00.000000000,"REPORTE VICTIMAS POR HECHO, CIFRA DEPARTAMENTAL (SEXO, ETNIA, DISCAPACIDAD, CICLO_VITAL) personas: (Ocurrencia, DeclaraciÃ³n, UbicaciÃ³n, Sujetos AtenciÃ³n y Eventos)",13,Lesiones Personales Fisicas,Mujer,Ninguna,Multiple,entre 29 y 60,3,8,6,6,3
2024/02/29 00:00:00.000000000,"REPORTE VICTIMAS POR HECHO, CIFRA DEPARTAMENTAL (SEXO, ETNIA, DISCAPACIDAD, CICLO_VITAL) personas: (Ocurrencia, DeclaraciÃ³n, UbicaciÃ³n, Sujetos AtenciÃ³n y Eventos)",12,Perdida de Bienes Muebles o Inmuebles,Mujer,Ninguna,Por Establecer,entre 61 y 100,12,7,7,7,12
2022/09/30 00:00:00.000000000,"REPORTE VICTIMAS POR HECHO, CIFRA DEPARTAMENTAL (SEXO, ETNIA, DISCAPACIDAD, CICLO_VITAL) personas: (Ocurrencia, DeclaraciÃ³n, UbicaciÃ³n, Sujetos AtenciÃ³n y Eventos)",5,Desplazamiento forzado,Mujer,Ninguna,Intelectual,entre 61 y 100,47,54,48,34,54
2022/09/30 00:00:00.000000000,"REPORTE VICTIMAS POR HECHO, CIFRA DEPARTAMENTAL (SEXO, ETNIA, DISCAPACIDAD, CICLO_VITAL) personas: (Ocurrencia, DeclaraciÃ³n, UbicaciÃ³n, Sujetos AtenciÃ³n y Eventos)",7,"Minas Antipersonal, MuniciÃ³n sin Explotar y Artefacto Explosivo improvisado",Hombre,Ninguna,Ninguna,entre 29 y 60,51,71,151,141,52
2024/03/31 00:00:00.000000000,"REPORTE VICTIMAS POR HECHO, CIFRA DEPARTAMENTAL (SEXO, ETNIA, DISCAPACIDAD, CICLO_VITAL) personas: (Ocurrencia, DeclaraciÃ³n, UbicaciÃ³n, Sujetos AtenciÃ³n y Eventos)",7,"Minas Antipersonal, MuniciÃ³n sin Explotar y Artefacto Explosivo improvisado",Hombre,Ninguna,Por Establecer,entre 61 y 100,4,1,3,3,4
31/07/2025,"REPORTE VICTIMAS POR HECHO, CIFRA DEPARTAMENTAL (SEXO, ETNIA, DISCAPACIDAD, CICLO_VITAL) personas: (Ocurrencia, Declaraciï¿½n, Ubicaciï¿½n, Sujetos Atenciï¿½n y Eventos)",2,Amenaza,Hombre,Ninguna,Ninguna,entre 6 y 11,205,295,318,317,218
2022/06/30 00:00:00.000000000,"REPORTE VICTIMAS POR HECHO, CIFRA DEPARTAMENTAL (SEXO, ETNIA, DISCAPACIDAD, CICLO_VITAL) personas: (Ocurrencia, DeclaraciÃ³n, UbicaciÃ³n, Sujetos AtenciÃ³n y Eventos)",6,Homicidio,Mujer,Ninguna,Intelectual,entre 29 y 60,20,22,22,21,21
28/02/2026,"REPORTE VICTIMAS POR HECHO, CIFRA DEPARTAMENTAL (SEXO, ETNIA, DISCAPACIDAD, CICLO_VITAL) personas: (Ocurrencia, Declaraciï¿½n, Ubicaciï¿½n, Sujetos Atenciï¿½n y Eventos)",6,Homicidio,Mujer,Ninguna,Intelectual,entre 60 y 110,26,29,23,17,31
31/05/2025,"REPORTE VICTIMAS POR HECHO, CIFRA DEPARTAMENTAL (SEXO, ETNIA, DISCAPACIDAD, CICLO_VITAL) personas: (Ocurrencia, Declaraciï¿½n, Ubicaciï¿½n, Sujetos Atenciï¿½n y Eventos)",5,Desplazamiento forzado,Mujer,Indigena,Psicosocial (Mental),entre 29 y 59,3,2,1,1,3
2022/07/31 00:00:00.000000000,"REPORTE VICTIMAS POR HECHO, CIFRA DEPARTAMENTAL (SEXO, ETNIA, DISCAPACIDAD, CICLO_VITAL) personas: (Ocurrencia, DeclaraciÃ³n, UbicaciÃ³n, Sujetos AtenciÃ³n y Eventos)",6,Homicidio,Hombre,Ninguna,Ninguna,entre 29 y 60,"11,513","10,469","8,163","6,879","12,178"
2022/09/30 00:00:00.000000000,"REPORTE VICTIMAS POR HECHO, CIFRA DEPARTAMENTAL (SEXO, ETNIA, DISCAPACIDAD, CICLO_VITAL) personas: (Ocurrencia, DeclaraciÃ³n, UbicaciÃ³n, Sujetos AtenciÃ³n y Eventos)",9,Tortura,Hombre,Ninguna,Multiple,entre 29 y 60,7,11,11,9,7
2023/03/31 00:00:00.000000000,"REPORTE VICTIMAS POR HECHO, CIFRA DEPARTAMENTAL (SEXO, ETNIA, DISCAPACIDAD, CICLO_VITAL) personas: (Ocurrencia, DeclaraciÃ³n, UbicaciÃ³n, Sujetos AtenciÃ³n y Eventos)",6,Homicidio,Mujer,Indigena,Ninguna,entre 61 y 100,13,12,12,10,15
2023/10/31 00:00:00.000000000,"REPORTE VICTIMAS POR HECHO, CIFRA DEPARTAMENTAL (SEXO, ETNIA, DISCAPACIDAD, CICLO_VITAL) personas: (Ocurrencia, DeclaraciÃ³n, UbicaciÃ³n, Sujetos AtenciÃ³n y Eventos)",6,Homicidio,Hombre,Ninguna,Intelectual,entre 18 y 28,1,2,2,2,1
2022/06/30 00:00:00.000000000,"REPORTE VICTIMAS POR HECHO, CIFRA DEPARTAMENTAL (SEXO, ETNIA, DISCAPACIDAD, CICLO_VITAL) personas: (Ocurrencia, DeclaraciÃ³n, UbicaciÃ³n, Sujetos AtenciÃ³n y Eventos)",5,Desplazamiento forzado,Hombre,Ninguna,Psicosocial (Mental),entre 18 y 28,16,13,12,8,17
2023/06/30 00:00:00.000000000,"REPORTE VICTIMAS POR HECHO, CIFRA DEPARTAMENTAL (SEXO, ETNIA, DISCAPACIDAD, CICLO_VITAL) personas: (Ocurrencia, DeclaraciÃ³n, UbicaciÃ³n, Sujetos AtenciÃ³n y Eventos)",6,Homicidio,Hombre,Ninguna,Intelectual,entre 18 y 28,1,2,2,2,1
31/05/2025,"REPORTE VICTIMAS POR HECHO, CIFRA DEPARTAMENTAL (SEXO, ETNIA, DISCAPACIDAD, CICLO_VITAL) personas: (Ocurrencia, Declaraciï¿½n, Ubicaciï¿½n, Sujetos Atenciï¿½n y Eventos)",6,Homicidio,Mujer,Indigena,Ninguna,entre 18 y 28,5,1,5,5,5
2024/04/30 00:00:00.000000000,"REPORTE VICTIMAS POR HECHO, CIFRA DEPARTAMENTAL (SEXO, ETNIA, DISCAPACIDAD, CICLO_VITAL) personas: (Ocurrencia, DeclaraciÃ³n, UbicaciÃ³n, Sujetos AtenciÃ³n y Eventos)",8,Secuestro,Hombre,Ninguna,Fisica,entre 29 y 60,10,11,14,13,11
2023/11/30 00:00:00.000000000,"REPORTE VICTIMAS POR HECHO, CIFRA DEPARTAMENTAL (SEXO, ETNIA, DISCAPACIDAD, CICLO_VITAL) personas: (Ocurrencia, DeclaraciÃ³n, UbicaciÃ³n, Sujetos AtenciÃ³n y Eventos)",5,Desplazamiento forzado,LGBTI,Ninguna,Visual,entre 61 y 100,1,1,1,1,1
2024/07/31 00:00:00.000000000,"REPORTE VICTIMAS POR HECHO, CIFRA DEPARTAMENTAL (SEXO, ETNIA, DISCAPACIDAD, CICLO_VITAL) personas: (Ocurrencia, DeclaraciÃ³n, UbicaciÃ³n, Sujetos AtenciÃ³n y Eventos)",5,Desplazamiento forzado,Intersexual,Ninguna,Ninguna,entre 29 y 60,11,18,17,16,15
28/02/2025,"REPORTE VICTIMAS POR HECHO, CIFRA DEPARTAMENTAL (SEXO, ETNIA, DISCAPACIDAD, CICLO_VITAL) personas: (Ocurrencia, Declaraciï¿½n, Ubicaciï¿½n, Sujetos Atenciï¿½n y Eventos)",2,Amenaza,Mujer,Ninguna,Ninguna,entre 60 y 110,807,745,728,675,878
31/12/2024,"REPORTE VICTIMAS POR HECHO, CIFRA DEPARTAMENTAL (SEXO, ETNIA, DISCAPACIDAD, CICLO_VITAL) personas: (Ocurrencia, DeclaraciÃ³n, UbicaciÃ³n, Sujetos AtenciÃ³n y Eventos)",4,DesapariciÃ³n forzada,Mujer,Ninguna,Por Establecer,entre 60 y 110,108,94,125,95,126
2024/02/29 00:00:00.000000000,"REPORTE VICTIMAS POR HECHO, CIFRA DEPARTAMENTAL (SEXO, ETNIA, DISCAPACIDAD, CICLO_VITAL) personas: (Ocurrencia, DeclaraciÃ³n, UbicaciÃ³n, Sujetos AtenciÃ³n y Eventos)",6,Homicidio,Mujer,Ninguna,Por Establecer,entre 29 y 60,206,175,215,191,220
31/07/2025,"REPORTE VICTIMAS POR HECHO, CIFRA DEPARTAMENTAL (SEXO, ETNIA, DISCAPACIDAD, CICLO_VITAL) personas: (Ocurrencia, Declaraciï¿½n, Ubicaciï¿½n, Sujetos Atenciï¿½n y Eventos)",6,Homicidio,Intersexual,Ninguna,Ninguna,entre 29 y 59,1,1,4,3,1
2022/09/30 00:00:00.000000000,"REPORTE VICTIMAS POR HECHO, CIFRA DEPARTAMENTAL (SEXO, ETNIA, DISCAPACIDAD, CICLO_VITAL) personas: (Ocurrencia, DeclaraciÃ³n, UbicaciÃ³n, Sujetos AtenciÃ³n y Eventos)",5,Desplazamiento forzado,Hombre,Ninguna,Visual,entre 0 y 5,1,1,1,1,1
2022/08/31 00:00:00.000000000,"REPORTE VICTIMAS POR HECHO, CIFRA DEPARTAMENTAL (SEXO, ETNIA, DISCAPACIDAD, CICLO_VITAL) personas: (Ocurrencia, DeclaraciÃ³n, UbicaciÃ³n, Sujetos AtenciÃ³n y Eventos)",1,Acto terrorista / Atentados / Combates / Enfrentamientos / Hostigamientos,Hombre,Ninguna,Visual,entre 29 y 60,6,9,11,10,6
30/11/2025,"REPORTE VICTIMAS POR HECHO, CIFRA DEPARTAMENTAL (SEXO, ETNIA, DISCAPACIDAD, CICLO_VITAL) personas: (Ocurrencia, Declaraciï¿½n, Ubicaciï¿½n, Sujetos Atenciï¿½n y Eventos)",4,Desapariciï¿½n forzada,Hombre,Ninguna,Ninguna,entre 18 y 28,133,146,160,155,133
2024/02/29 00:00:00.000000000,"REPORTE VICTIMAS POR HECHO, CIFRA DEPARTAMENTAL (SEXO, ETNIA, DISCAPACIDAD, CICLO_VITAL) personas: (Ocurrencia, DeclaraciÃ³n, UbicaciÃ³n, Sujetos AtenciÃ³n y Eventos)",2,Amenaza,Mujer,Ninguna,Fisica,entre 18 y 28,9,14,15,15,9
30/06/2025,"REPORTE VICTIMAS POR HECHO, CIFRA DEPARTAMENTAL (SEXO, ETNIA, DISCAPACIDAD, CICLO_VITAL) personas: (Ocurrencia, Declaraciï¿½n, Ubicaciï¿½n, Sujetos Atenciï¿½n y Eventos)",13,Lesiones Personales Fisicas,Mujer,Ninguna,Por Establecer,entre 18 y 28,1,1,1,1,1
2023/09/30 00:00:00.000000000,"REPORTE VICTIMAS POR HECHO, CIFRA DEPARTAMENTAL (SEXO, ETNIA, DISCAPACIDAD, CICLO_VITAL) personas: (Ocurrencia, DeclaraciÃ³n, UbicaciÃ³n, Sujetos AtenciÃ³n y Eventos)",12,Perdida de Bienes Muebles o Inmuebles,Mujer,Ninguna,Ninguna,entre 29 y 60,160,214,271,269,162
31/01/2025,"REPORTE VICTIMAS POR HECHO, CIFRA DEPARTAMENTAL (SEXO, ETNIA, DISCAPACIDAD, CICLO_VITAL) personas: (Ocurrencia, DeclaraciÃ³n, UbicaciÃ³n, Sujetos AtenciÃ³n y Eventos)",2,Amenaza,Mujer,Ninguna,Fisica,entre 12 y 17,1,4,2,2,1
30/11/2025,"REPORTE VICTIMAS POR HECHO, CIFRA DEPARTAMENTAL (SEXO, ETNIA, DISCAPACIDAD, CICLO_VITAL) personas: (Ocurrencia, Declaraciï¿½n, Ubicaciï¿½n, Sujetos Atenciï¿½n y Eventos)",2,Amenaza,Mujer,Ninguna,Por Establecer,entre 18 y 28,12,5,3,2,12
2022/01/31 00:00:00.000000000,"REPORTE VICTIMAS POR HECHO, CIFRA DEPARTAMENTAL (SEXO, ETNIA, DISCAPACIDAD, CICLO_VITAL) personas: (Ocurrencia, DeclaraciÃ³n, UbicaciÃ³n, Sujetos AtenciÃ³n y Eventos)",5,Desplazamiento forzado,Hombre,Ninguna,Intelectual,entre 18 y 28,52,64,59,55,56
2023/09/30 00:00:00.000000000,"REPORTE VICTIMAS POR HECHO, CIFRA DEPARTAMENTAL (SEXO, ETNIA, DISCAPACIDAD, CICLO_VITAL) personas: (Ocurrencia, DeclaraciÃ³n, UbicaciÃ³n, Sujetos AtenciÃ³n y Eventos)",2,Amenaza,Hombre,Ninguna,Fisica,entre 18 y 28,6,18,11,11,8
2022/04/30 00:00:00.000000000,"REPORTE VICTIMAS POR HECHO, CIFRA DEPARTAMENTAL (SEXO, ETNIA, DISCAPACIDAD, CICLO_VITAL) personas: (Ocurrencia, DeclaraciÃ³n, UbicaciÃ³n, Sujetos AtenciÃ³n y Eventos)",5,Desplazamiento forzado,Mujer,Ninguna,Psicosocial (Mental),entre 18 y 28,7,11,12,11,10
2024/05/31 00:00:00.000000000,"REPORTE VICTIMAS POR HECHO, CIFRA DEPARTAMENTAL (SEXO, ETNIA, DISCAPACIDAD, CICLO_VITAL) personas: (Ocurrencia, DeclaraciÃ³n, UbicaciÃ³n, Sujetos AtenciÃ³n y Eventos)",2,Amenaza,Hombre,Indigena,Ninguna,entre 6 y 11,1,2,2,2,1
31/12/2024,"REPORTE VICTIMAS POR HECHO, CIFRA DEPARTAMENTAL (SEXO, ETNIA, DISCAPACIDAD, CICLO_VITAL) personas: (Ocurrencia, DeclaraciÃ³n, UbicaciÃ³n, Sujetos AtenciÃ³n y Eventos)",8,Secuestro,Hombre,Ninguna,Multiple,entre 29 y 59,11,9,10,6,11
30/11/2025,"REPORTE VICTIMAS POR HECHO, CIFRA DEPARTAMENTAL (SEXO, ETNIA, DISCAPACIDAD, CICLO_VITAL) personas: (Ocurrencia, Declaraciï¿½n, Ubicaciï¿½n, Sujetos Atenciï¿½n y Eventos)",7,"Minas Antipersonal, Municiï¿½n sin Explotar y Artefacto Explosivo improvisado",Hombre,Ninguna,Multiple,entre 60 y 110,7,5,4,4,7
31/12/2024,"REPORTE VICTIMAS POR HECHO, CIFRA DEPARTAMENTAL (SEXO, ETNIA, DISCAPACIDAD, CICLO_VITAL) personas: (Ocurrencia, DeclaraciÃ³n, UbicaciÃ³n, Sujetos AtenciÃ³n y Eventos)",5,Desplazamiento forzado,Mujer,Ninguna,Visual,entre 18 y 28,36,46,33,29,39
30/09/24,"REPORTE VICTIMAS POR HECHO, CIFRA DEPARTAMENTAL (SEXO, ETNIA, DISCAPACIDAD, CICLO_VITAL) personas: (Ocurrencia, DeclaraciÃ³n, UbicaciÃ³n, Sujetos AtenciÃ³n y Eventos)",5,Desplazamiento forzado,Mujer,Indigena,Psicosocial (Mental),entre 29 y 59,3,2,1,1,3
2024/02/29 00:00:00.000000000,"REPORTE VICTIMAS POR HECHO, CIFRA DEPARTAMENTAL (SEXO, ETNIA, DISCAPACIDAD, CICLO_VITAL) personas: (Ocurrencia, DeclaraciÃ³n, UbicaciÃ³n, Sujetos AtenciÃ³n y Eventos)",5,Desplazamiento forzado,Hombre,Ninguna,Visual,entre 61 y 100,151,206,184,139,164
2022/07/31 00:00:00.000000000,"REPORTE VICTIMAS POR HECHO, CIFRA DEPARTAMENTAL (SEXO, ETNIA, DISCAPACIDAD, CICLO_VITAL) personas: (Ocurrencia, DeclaraciÃ³n, UbicaciÃ³n, Sujetos AtenciÃ³n y Eventos)",13,Lesiones Personales Fisicas,Hombre,Ninguna,Ninguna,entre 29 y 60,53,96,101,99,53
2023/02/28 00:00:00.000000000,"REPORTE VICTIMAS POR HECHO, CIFRA DEPARTAMENTAL (SEXO, ETNIA, DISCAPACIDAD, CICLO_VITAL) personas: (Ocurrencia, DeclaraciÃ³n, UbicaciÃ³n, Sujetos AtenciÃ³n y Eventos)",2,Amenaza,Mujer,Ninguna,Ninguna,ND,47,46,8,8,49
2022/06/30 00:00:00.000000000,"REPORTE VICTIMAS POR HECHO, CIFRA DEPARTAMENTAL (SEXO, ETNIA, DISCAPACIDAD, CICLO_VITAL) personas: (Ocurrencia, DeclaraciÃ³n, UbicaciÃ³n, Sujetos AtenciÃ³n y Eventos)",6,Homicidio,Intersexual,Ninguna,Ninguna,entre 29 y 60,3,2,4,3,3
28/02/2025,"REPORTE VICTIMAS POR HECHO, CIFRA DEPARTAMENTAL (SEXO, ETNIA, DISCAPACIDAD, CICLO_VITAL) personas: (Ocurrencia, Declaraciï¿½n, Ubicaciï¿½n, Sujetos Atenciï¿½n y Eventos)",13,Lesiones Personales Fisicas,Mujer,Ninguna,Visual,entre 29 y 59,1,2,2,2,1
2023/12/31 00:00:00.000000000,"REPORTE VICTIMAS POR HECHO, CIFRA DEPARTAMENTAL (SEXO, ETNIA, DISCAPACIDAD, CICLO_VITAL) personas: (Ocurrencia, DeclaraciÃ³n, UbicaciÃ³n, Sujetos AtenciÃ³n y Eventos)",4,DesapariciÃ³n forzada,Mujer,Ninguna,Ninguna,entre 29 y 60,"1,769","1,559","2,055","2,000","1,831"
2024/08/31 00:00:00.000000000,"REPORTE VICTIMAS POR HECHO, CIFRA DEPARTAMENTAL (SEXO, ETNIA, DISCAPACIDAD, CICLO_VITAL) personas: (Ocurrencia, DeclaraciÃ³n, UbicaciÃ³n, Sujetos AtenciÃ³n y Eventos)",6,Homicidio,Mujer,Indigena,Fisica,entre 60 y 110,3,1,1,1,3
2022/06/30 00:00:00.000000000,"REPORTE VICTIMAS POR HECHO, CIFRA DEPARTAMENTAL (SEXO, ETNIA, DISCAPACIDAD, CICLO_VITAL) personas: (Ocurrencia, DeclaraciÃ³n, UbicaciÃ³n, Sujetos AtenciÃ³n y Eventos)",5,Desplazamiento forzado,Mujer,Ninguna,Intelectual,entre 29 y 60,121,180,156,145,139
2022/06/30 00:00:00.000000000,"REPORTE VICTIMAS POR HECHO, CIFRA DEPARTAMENTAL (SEXO, ETNIA, DISCAPACIDAD, CICLO_VITAL) personas: (Ocurrencia, DeclaraciÃ³n, UbicaciÃ³n, Sujetos AtenciÃ³n y Eventos)",5,Desplazamiento forzado,Mujer,Indigena,Multiple,entre 29 y 60,3,4,3,2,4
2022/12/31 00:00:00.000000000,"REPORTE VICTIMAS POR HECHO, CIFRA DEPARTAMENTAL (SEXO, ETNIA, DISCAPACIDAD, CICLO_VITAL) personas: (Ocurrencia, DeclaraciÃ³n, UbicaciÃ³n, Sujetos AtenciÃ³n y Eventos)",8,Secuestro,Hombre,Ninguna,Ninguna,entre 12 y 17,2,3,1,1,2
30/11/2025,"REPORTE VICTIMAS POR HECHO, CIFRA DEPARTAMENTAL (SEXO, ETNIA, DISCAPACIDAD, CICLO_VITAL) personas: (Ocurrencia, Declaraciï¿½n, Ubicaciï¿½n, Sujetos Atenciï¿½n y Eventos)",2,Amenaza,Mujer,Indigena,Ninguna,entre 12 y 17,3,3,2,2,3
2023/03/31 00:00:00.000000000,"REPORTE VICTIMAS POR HECHO, CIFRA DEPARTAMENTAL (SEXO, ETNIA, DISCAPACIDAD, CICLO_VITAL) personas: (Ocurrencia, DeclaraciÃ³n, UbicaciÃ³n, Sujetos AtenciÃ³n y Eventos)",10,VinculaciÃ³n de NiÃ±os NiÃ±as y Adolescentes a Actividades Relacionadas con grupos armados,Hombre,Ninguna,Por Establecer,entre 29 y 60,2,2,1,1,2
31/10/2024,"REPORTE VICTIMAS POR HECHO, CIFRA DEPARTAMENTAL (SEXO, ETNIA, DISCAPACIDAD, CICLO_VITAL) personas: (Ocurrencia, DeclaraciÃ³n, UbicaciÃ³n, Sujetos AtenciÃ³n y Eventos)",6,Homicidio,Mujer,Ninguna,Intelectual,entre 18 y 28,1,1,1,1,1
28/02/2025,"REPORTE VICTIMAS POR HECHO, CIFRA DEPARTAMENTAL (SEXO, ETNIA, DISCAPACIDAD, CICLO_VITAL) personas: (Ocurrencia, Declaraciï¿½n, Ubicaciï¿½n, Sujetos Atenciï¿½n y Eventos)",14,Lesiones Personales Psicologicas,Mujer,Ninguna,Psicosocial (Mental),entre 29 y 59,1,1,1,1,1
2022/08/31 00:00:00.000000000,"REPORTE VICTIMAS POR HECHO, CIFRA DEPARTAMENTAL (SEXO, ETNIA, DISCAPACIDAD, CICLO_VITAL) personas: (Ocurrencia, DeclaraciÃ³n, UbicaciÃ³n, Sujetos AtenciÃ³n y Eventos)",4,DesapariciÃ³n forzada,Hombre,Ninguna,Por Establecer,entre 18 y 28,2,2,4,4,2
2024/07/31 00:00:00.000000000,"REPORTE VICTIMAS POR HECHO, CIFRA DEPARTAMENTAL (SEXO, ETNIA, DISCAPACIDAD, CICLO_VITAL) personas: (Ocurrencia, DeclaraciÃ³n, UbicaciÃ³n, Sujetos AtenciÃ³n y Eventos)",6,Homicidio,Hombre,Ninguna,Multiple,entre 29 y 60,59,52,46,39,64
2024/07/31 00:00:00.000000000,"REPORTE VICTIMAS POR HECHO, CIFRA DEPARTAMENTAL (SEXO, ETNIA, DISCAPACIDAD, CICLO_VITAL) personas: (Ocurrencia, DeclaraciÃ³n, UbicaciÃ³n, Sujetos AtenciÃ³n y Eventos)",10,VinculaciÃ³n de NiÃ±os NiÃ±as y Adolescentes a Actividades Relacionadas con grupos armados,Hombre,Ninguna,Ninguna,entre 18 y 28,7,32,25,24,7
2022/06/30 00:00:00.000000000,"REPORTE VICTIMAS POR HECHO, CIFRA DEPARTAMENTAL (SEXO, ETNIA, DISCAPACIDAD, CICLO_VITAL) personas: (Ocurrencia, DeclaraciÃ³n, UbicaciÃ³n, Sujetos AtenciÃ³n y Eventos)",8,Secuestro,Mujer,Ninguna,Psicosocial (Mental),entre 61 y 100,2,2,2,2,2
2022/07/31 00:00:00.000000000,"REPORTE VICTIMAS POR HECHO, CIFRA DEPARTAMENTAL (SEXO, ETNIA, DISCAPACIDAD, CICLO_VITAL) personas: (Ocurrencia, DeclaraciÃ³n, UbicaciÃ³n, Sujetos AtenciÃ³n y Eventos)",6,Homicidio,Mujer,Ninguna,Ninguna,entre 29 y 60,"10,632","9,377","10,819","10,474","11,330"
2022/12/31 00:00:00.000000000,"REPORTE VICTIMAS POR HECHO, CIFRA DEPARTAMENTAL (SEXO, ETNIA, DISCAPACIDAD, CICLO_VITAL) personas: (Ocurrencia, DeclaraciÃ³n, UbicaciÃ³n, Sujetos AtenciÃ³n y Eventos)",7,"Minas Antipersonal, MuniciÃ³n sin Explotar y Artefacto Explosivo improvisado",Hombre,Ninguna,Ninguna,entre 18 y 28,3,3,4,4,3
31/08/2025,"REPORTE VICTIMAS POR HECHO, CIFRA DEPARTAMENTAL (SEXO, ETNIA, DISCAPACIDAD, CICLO_VITAL) personas: (Ocurrencia, Declaraciï¿½n, Ubicaciï¿½n, Sujetos Atenciï¿½n y Eventos)",4,Desapariciï¿½n forzada,Hombre,Ninguna,Multiple,entre 60 y 110,20,19,24,15,20
2022/01/31 00:00:00.000000000,"REPORTE VICTIMAS POR HECHO, CIFRA DEPARTAMENTAL (SEXO, ETNIA, DISCAPACIDAD, CICLO_VITAL) personas: (Ocurrencia, DeclaraciÃ³n, UbicaciÃ³n, Sujetos AtenciÃ³n y Eventos)",5,Desplazamiento forzado,Hombre,Ninguna,Por Establecer,ND,8,10,5,2,9
30/09/24,"REPORTE VICTIMAS POR HECHO, CIFRA DEPARTAMENTAL (SEXO, ETNIA, DISCAPACIDAD, CICLO_VITAL) personas: (Ocurrencia, DeclaraciÃ³n, UbicaciÃ³n, Sujetos AtenciÃ³n y Eventos)",9,Tortura,Mujer,Ninguna,Por Establecer,entre 60 y 110,1,1,1,1,1
2024/03/31 00:00:00.000000000,"REPORTE VICTIMAS POR HECHO, CIFRA DEPARTAMENTAL (SEXO, ETNIA, DISCAPACIDAD, CICLO_VITAL) personas: (Ocurrencia, DeclaraciÃ³n, UbicaciÃ³n, Sujetos AtenciÃ³n y Eventos)",6,Homicidio,LGBTI,Ninguna,Ninguna,entre 29 y 60,10,8,9,8,10
2023/04/30 00:00:00.000000000,"REPORTE VICTIMAS POR HECHO, CIFRA DEPARTAMENTAL (SEXO, ETNIA, DISCAPACIDAD, CICLO_VITAL) personas: (Ocurrencia, DeclaraciÃ³n, UbicaciÃ³n, Sujetos AtenciÃ³n y Eventos)",5,Desplazamiento forzado,Hombre,Ninguna,Intelectual,entre 12 y 17,15,16,16,10,16
31/01/2026,"REPORTE VICTIMAS POR HECHO, CIFRA DEPARTAMENTAL (SEXO, ETNIA, DISCAPACIDAD, CICLO_VITAL) personas: (Ocurrencia, Declaraciï¿½n, Ubicaciï¿½n, Sujetos Atenciï¿½n y Eventos)",11,Abandono o Despojo Forzado de Tierras,Mujer,Ninguna,Fisica,entre 29 y 59,7,1,7,7,7
2022/11/30 00:00:00.000000000,"REPORTE VICTIMAS POR HECHO, CIFRA DEPARTAMENTAL (SEXO, ETNIA, DISCAPACIDAD, CICLO_VITAL) personas: (Ocurrencia, DeclaraciÃ³n, UbicaciÃ³n, Sujetos AtenciÃ³n y Eventos)",14,Lesiones Personales Psicologicas,Hombre,Ninguna,Auditiva,entre 29 y 60,2,2,2,2,2
2023/06/30 00:00:00.000000000,"REPORTE VICTIMAS POR HECHO, CIFRA DEPARTAMENTAL (SEXO, ETNIA, DISCAPACIDAD, CICLO_VITAL) personas: (Ocurrencia, DeclaraciÃ³n, UbicaciÃ³n, Sujetos AtenciÃ³n y Eventos)",5,Desplazamiento forzado,LGBTI,Ninguna,Por Establecer,entre 29 y 60,2,1,1,1,2
2024/05/31 00:00:00.000000000,"REPORTE VICTIMAS POR HECHO, CIFRA DEPARTAMENTAL (SEXO, ETNIA, DISCAPACIDAD, CICLO_VITAL) personas: (Ocurrencia, DeclaraciÃ³n, UbicaciÃ³n, Sujetos AtenciÃ³n y Eventos)",9,Tortura,Hombre,Ninguna,Fisica,entre 29 y 60,6,5,6,5,6
30/04/2025,"REPORTE VICTIMAS POR HECHO, CIFRA DEPARTAMENTAL (SEXO, ETNIA, DISCAPACIDAD, CICLO_VITAL) personas: (Ocurrencia, Declaraciï¿½n, Ubicaciï¿½n, Sujetos Atenciï¿½n y Eventos)",5,Desplazamiento forzado,Hombre,Ninguna,Ninguna,entre 12 y 17,"9,543","14,380","12,313","10,895","9,856"
2022/06/30 00:00:00.000000000,"REPORTE VICTIMAS POR HECHO, CIFRA DEPARTAMENTAL (SEXO, ETNIA, DISCAPACIDAD, CICLO_VITAL) personas: (Ocurrencia, DeclaraciÃ³n, UbicaciÃ³n, Sujetos AtenciÃ³n y Eventos)",4,DesapariciÃ³n forzada,Mujer,Ninguna,Por Establecer,entre 29 y 60,47,41,61,56,50
2022/03/31 00:00:00.000000000,"REPORTE VICTIMAS POR HECHO, CIFRA DEPARTAMENTAL (SEXO, ETNIA, DISCAPACIDAD, CICLO_VITAL) personas: (Ocurrencia, DeclaraciÃ³n, UbicaciÃ³n, Sujetos AtenciÃ³n y Eventos)",8,Secuestro,Mujer,Ninguna,Ninguna,entre 18 y 28,14,18,19,18,14
2023/08/31 00:00:00.000000000,"REPORTE VICTIMAS POR HECHO, CIFRA DEPARTAMENTAL (SEXO, ETNIA, DISCAPACIDAD, CICLO_VITAL) personas: (Ocurrencia, DeclaraciÃ³n, UbicaciÃ³n, Sujetos AtenciÃ³n y Eventos)",5,Desplazamiento forzado,Hombre,Ninguna,Psicosocial (Mental),entre 12 y 17,1,3,2,2,1
31/01/2025,"REPORTE VICTIMAS POR HECHO, CIFRA DEPARTAMENTAL (SEXO, ETNIA, DISCAPACIDAD, CICLO_VITAL) personas: (Ocurrencia, DeclaraciÃ³n, UbicaciÃ³n, Sujetos AtenciÃ³n y Eventos)",14,Lesiones Personales Psicologicas,Hombre,Ninguna,Fisica,entre 60 y 110,12,10,11,9,12
31/08/2025,"REPORTE VICTIMAS POR HECHO, CIFRA DEPARTAMENTAL (SEXO, ETNIA, DISCAPACIDAD, CICLO_VITAL) personas: (Ocurrencia, Declaraciï¿½n, Ubicaciï¿½n, Sujetos Atenciï¿½n y Eventos)",6,Homicidio,Hombre,Ninguna,Visual,entre 29 y 59,22,19,22,19,22
2022/06/30 00:00:00.000000000,"REPORTE VICTIMAS POR HECHO, CIFRA DEPARTAMENTAL (SEXO, ETNIA, DISCAPACIDAD, CICLO_VITAL) personas: (Ocurrencia, DeclaraciÃ³n, UbicaciÃ³n, Sujetos AtenciÃ³n y Eventos)",1,Acto terrorista / Atentados / Combates / Enfrentamientos / Hostigamientos,Mujer,Ninguna,Ninguna,entre 29 y 60,167,161,171,168,180
28/02/2025,"REPORTE VICTIMAS POR HECHO, CIFRA DEPARTAMENTAL (SEXO, ETNIA, DISCAPACIDAD, CICLO_VITAL) personas: (Ocurrencia, Declaraciï¿½n, Ubicaciï¿½n, Sujetos Atenciï¿½n y Eventos)",14,Lesiones Personales Psicologicas,Hombre,Ninguna,Psicosocial (Mental),entre 29 y 59,1,1,2,2,1
2024/05/31 00:00:00.000000000,"REPORTE VICTIMAS POR HECHO, CIFRA DEPARTAMENTAL (SEXO, ETNIA, DISCAPACIDAD, CICLO_VITAL) personas: (Ocurrencia, DeclaraciÃ³n, UbicaciÃ³n, Sujetos AtenciÃ³n y Eventos)",5,Desplazamiento forzado,Hombre,Ninguna,Visual,entre 18 y 28,39,55,35,33,46
2024/06/30 00:00:00.000000000,"REPORTE VICTIMAS POR HECHO, CIFRA DEPARTAMENTAL (SEXO, ETNIA, DISCAPACIDAD, CICLO_VITAL) personas: (Ocurrencia, DeclaraciÃ³n, UbicaciÃ³n, Sujetos AtenciÃ³n y Eventos)",10,VinculaciÃ³n de NiÃ±os NiÃ±as y Adolescentes a Actividades Relacionadas con grupos armados,Hombre,Ninguna,Ninguna,entre 18 y 28,7,34,24,23,7
2023/09/30 00:00:00.000000000,"REPORTE VICTIMAS POR HECHO, CIFRA DEPARTAMENTAL (SEXO, ETNIA, DISCAPACIDAD, CICLO_VITAL) personas: (Ocurrencia, DeclaraciÃ³n, UbicaciÃ³n, Sujetos AtenciÃ³n y Eventos)",4,DesapariciÃ³n forzada,Mujer,Ninguna,Fisica,entre 29 y 60,16,26,28,25,17
2023/01/31 00:00:00.000000000,"REPORTE VICTIMAS POR HECHO, CIFRA DEPARTAMENTAL (SEXO, ETNIA, DISCAPACIDAD, CICLO_VITAL) personas: (Ocurrencia, DeclaraciÃ³n, UbicaciÃ³n, Sujetos AtenciÃ³n y Eventos)",1,Acto terrorista / Atentados / Combates / Enfrentamientos / Hostigamientos,Mujer,Ninguna,Psicosocial (Mental),entre 29 y 60,2,2,2,2,2
30/06/2025,"REPORTE VICTIMAS POR HECHO, CIFRA DEPARTAMENTAL (SEXO, ETNIA, DISCAPACIDAD, CICLO_VITAL) personas: (Ocurrencia, Declaraciï¿½n, Ubicaciï¿½n, Sujetos Atenciï¿½n y Eventos)",2,Amenaza,Hombre,Indigena,Fisica,entre 29 y 59,2,3,1,1,3
31/05/2025,"REPORTE VICTIMAS POR HECHO, CIFRA DEPARTAMENTAL (SEXO, ETNIA, DISCAPACIDAD, CICLO_VITAL) personas: (Ocurrencia, Declaraciï¿½n, Ubicaciï¿½n, Sujetos Atenciï¿½n y Eventos)",3,Delitos contra la libertad y la integridad sexual en desarrollo del conflicto armado,Hombre,Ninguna,Ninguna,entre 29 y 59,26,26,24,23,29
2022/06/30 00:00:00.000000000,"REPORTE VICTIMAS POR HECHO, CIFRA DEPARTAMENTAL (SEXO, ETNIA, DISCAPACIDAD, CICLO_VITAL) personas: (Ocurrencia, DeclaraciÃ³n, UbicaciÃ³n, Sujetos AtenciÃ³n y Eventos)",2,Amenaza,Mujer,Ninguna,Auditiva,entre 29 y 60,8,11,10,10,9
30/04/2025,"REPORTE VICTIMAS POR HECHO, CIFRA DEPARTAMENTAL (SEXO, ETNIA, DISCAPACIDAD, CICLO_VITAL) personas: (Ocurrencia, Declaraciï¿½n, Ubicaciï¿½n, Sujetos Atenciï¿½n y Eventos)",14,Lesiones Personales Psicologicas,Hombre,Ninguna,Auditiva,entre 29 y 59,2,2,2,2,2
2023/07/31 00:00:00.000000000,"REPORTE VICTIMAS POR HECHO, CIFRA DEPARTAMENTAL (SEXO, ETNIA, DISCAPACIDAD, CICLO_VITAL) personas: (Ocurrencia, DeclaraciÃ³n, UbicaciÃ³n, Sujetos AtenciÃ³n y Eventos)",14,Lesiones Personales Psicologicas,Mujer,Ninguna,Psicosocial (Mental),entre 29 y 60,1,1,1,1,1
2022/04/30 00:00:00.000000000,"REPORTE VICTIMAS POR HECHO, CIFRA DEPARTAMENTAL (SEXO, ETNIA, DISCAPACIDAD, CICLO_VITAL) personas: (Ocurrencia, DeclaraciÃ³n, UbicaciÃ³n, Sujetos AtenciÃ³n y Eventos)",5,Desplazamiento forzado,Mujer,Ninguna,Psicosocial (Mental),entre 6 y 11,2,2,1,1,3
2022/11/30 00:00:00.000000000,"REPORTE VICTIMAS POR HECHO, CIFRA DEPARTAMENTAL (SEXO, ETNIA, DISCAPACIDAD, CICLO_VITAL) personas: (Ocurrencia, DeclaraciÃ³n, UbicaciÃ³n, Sujetos AtenciÃ³n y Eventos)",5,Desplazamiento forzado,Hombre,Ninguna,Fisica,entre 18 y 28,104,181,156,138,115
2022/05/31 00:00:00.000000000,"REPORTE VICTIMAS POR HECHO, CIFRA DEPARTAMENTAL (SEXO, ETNIA, DISCAPACIDAD, CICLO_VITAL) personas: (Ocurrencia, DeclaraciÃ³n, UbicaciÃ³n, Sujetos AtenciÃ³n y Eventos)",4,DesapariciÃ³n forzada,Hombre,Ninguna,Intelectual,entre 29 y 60,2,2,2,2,2
2023/09/30 00:00:00.000000000,"REPORTE VICTIMAS POR HECHO, CIFRA DEPARTAMENTAL (SEXO, ETNIA, DISCAPACIDAD, CICLO_VITAL) personas: (Ocurrencia, DeclaraciÃ³n, UbicaciÃ³n, Sujetos AtenciÃ³n y Eventos)",5,Desplazamiento forzado,Hombre,Ninguna,Visual,entre 12 y 17,8,15,13,10,8
2024/01/31 00:00:00.000000000,"REPORTE VICTIMAS POR HECHO, CIFRA DEPARTAMENTAL (SEXO, ETNIA, DISCAPACIDAD, CICLO_VITAL) personas: (Ocurrencia, DeclaraciÃ³n, UbicaciÃ³n, Sujetos AtenciÃ³n y Eventos)",14,Lesiones Personales Psicologicas,Hombre,Ninguna,Psicosocial (Mental),entre 29 y 60,1,1,2,2,1
2023/07/31 00:00:00.000000000,"REPORTE VICTIMAS POR HECHO, CIFRA DEPARTAMENTAL (SEXO, ETNIA, DISCAPACIDAD, CICLO_VITAL) personas: (Ocurrencia, DeclaraciÃ³n, UbicaciÃ³n, Sujetos AtenciÃ³n y Eventos)",7,"Minas Antipersonal, MuniciÃ³n sin Explotar y Artefacto Explosivo improvisado",Hombre,Ninguna,Multiple,entre 61 y 100,4,4,5,4,4
2023/08/31 00:00:00.000000000,"REPORTE VICTIMAS POR HECHO, CIFRA DEPARTAMENTAL (SEXO, ETNIA, DISCAPACIDAD, CICLO_VITAL) personas: (Ocurrencia, DeclaraciÃ³n, UbicaciÃ³n, Sujetos AtenciÃ³n y Eventos)",8,Secuestro,Mujer,Ninguna,Ninguna,entre 29 y 60,134,155,162,155,137
30/09/2025,"REPORTE VICTIMAS POR HECHO, CIFRA DEPARTAMENTAL (SEXO, ETNIA, DISCAPACIDAD, CICLO_VITAL) personas: (Ocurrencia, Declaraciï¿½n, Ubicaciï¿½n, Sujetos Atenciï¿½n y Eventos)",3,Delitos contra la libertad y la integridad sexual en desarrollo del conflicto armado,Mujer,Ninguna,Visual,entre 60 y 110,2,3,2,2,2
2023/02/28 00:00:00.000000000,"REPORTE VICTIMAS POR HECHO, CIFRA DEPARTAMENTAL (SEXO, ETNIA, DISCAPACIDAD, CICLO_VITAL) personas: (Ocurrencia, DeclaraciÃ³n, UbicaciÃ³n, Sujetos AtenciÃ³n y Eventos)",5,Desplazamiento forzado,Hombre,Ninguna,Visual,entre 12 y 17,8,14,13,11,8
31/01/2026,"REPORTE VICTIMAS POR HECHO, CIFRA DEPARTAMENTAL (SEXO, ETNIA, DISCAPACIDAD, CICLO_VITAL) personas: (Ocurrencia, Declaraciï¿½n, Ubicaciï¿½n, Sujetos Atenciï¿½n y Eventos)",14,Lesiones Personales Psicologicas,Mujer,Ninguna,Ninguna,entre 18 y 28,3,4,3,3,3
30/04/2025,"REPORTE VICTIMAS POR HECHO, CIFRA DEPARTAMENTAL (SEXO, ETNIA, DISCAPACIDAD, CICLO_VITAL) personas: (Ocurrencia, Declaraciï¿½n, Ubicaciï¿½n, Sujetos Atenciï¿½n y Eventos)",9,Tortura,Mujer,Ninguna,Psicosocial (Mental),entre 29 y 59,1,1,1,1,1
2024/02/29 00:00:00.000000000,"REPORTE VICTIMAS POR HECHO, CIFRA DEPARTAMENTAL (SEXO, ETNIA, DISCAPACIDAD, CICLO_VITAL) personas: (Ocurrencia, DeclaraciÃ³n, UbicaciÃ³n, Sujetos AtenciÃ³n y Eventos)",1,Acto terrorista / Atentados / Combates / Enfrentamientos / Hostigamientos,Hombre,Ninguna,Multiple,entre 29 y 60,43,64,65,60,47
2022/09/30 00:00:00.000000000,"REPORTE VICTIMAS POR HECHO, CIFRA DEPARTAMENTAL (SEXO, ETNIA, DISCAPACIDAD, CICLO_VITAL) personas: (Ocurrencia, DeclaraciÃ³n, UbicaciÃ³n, Sujetos AtenciÃ³n y Eventos)",2,Amenaza,Hombre,Ninguna,Por Establecer,entre 29 y 60,40,34,35,32,41
2022/06/30 00:00:00.000000000,"REPORTE VICTIMAS POR HECHO, CIFRA DEPARTAMENTAL (SEXO, ETNIA, DISCAPACIDAD, CICLO_VITAL) personas: (Ocurrencia, DeclaraciÃ³n, UbicaciÃ³n, Sujetos AtenciÃ³n y Eventos)",5,Desplazamiento forzado,Hombre,Ninguna,Fisica,ND,7,13,6,1,7
31/08/2025,"REPORTE VICTIMAS POR HECHO, CIFRA DEPARTAMENTAL (SEXO, ETNIA, DISCAPACIDAD, CICLO_VITAL) personas: (Ocurrencia, Declaraciï¿½n, Ubicaciï¿½n, Sujetos Atenciï¿½n y Eventos)",11,Abandono o Despojo Forzado de Tierras,LGBTI,Ninguna,Ninguna,entre 29 y 59,1,1,1,1,1
30/11/2024,"REPORTE VICTIMAS POR HECHO, CIFRA DEPARTAMENTAL (SEXO, ETNIA, DISCAPACIDAD, CICLO_VITAL) personas: (Ocurrencia, DeclaraciÃ³n, UbicaciÃ³n, Sujetos AtenciÃ³n y Eventos)",3,Delitos contra la libertad y la integridad sexual en desarrollo del conflicto armado,Mujer,Ninguna,Fisica,entre 60 y 110,14,18,16,14,15
2023/07/31 00:00:00.000000000,"REPORTE VICTIMAS POR HECHO, CIFRA DEPARTAMENTAL (SEXO, ETNIA, DISCAPACIDAD, CICLO_VITAL) personas: (Ocurrencia, DeclaraciÃ³n, UbicaciÃ³n, Sujetos AtenciÃ³n y Eventos)",6,Homicidio,Hombre,Ninguna,Psicosocial (Mental),entre 18 y 28,1,2,3,3,1
2024/05/31 00:00:00.000000000,"REPORTE VICTIMAS POR HECHO, CIFRA DEPARTAMENTAL (SEXO, ETNIA, DISCAPACIDAD, CICLO_VITAL) personas: (Ocurrencia, DeclaraciÃ³n, UbicaciÃ³n, Sujetos AtenciÃ³n y Eventos)",5,Desplazamiento forzado,Intersexual,Ninguna,Ninguna,entre 61 y 100,1,2,3,3,1
2022/10/31 00:00:00.000000000,"REPORTE VICTIMAS POR HECHO, CIFRA DEPARTAMENTAL (SEXO, ETNIA, DISCAPACIDAD, CICLO_VITAL) personas: (Ocurrencia, DeclaraciÃ³n, UbicaciÃ³n, Sujetos AtenciÃ³n y Eventos)",7,"Minas Antipersonal, MuniciÃ³n sin Explotar y Artefacto Explosivo improvisado",Hombre,Ninguna,Ninguna,entre 61 y 100,9,3,8,5,9
2022/04/30 00:00:00.000000000,"REPORTE VICTIMAS POR HECHO, CIFRA DEPARTAMENTAL (SEXO, ETNIA, DISCAPACIDAD, CICLO_VITAL) personas: (Ocurrencia, DeclaraciÃ³n, UbicaciÃ³n, Sujetos AtenciÃ³n y Eventos)",13,Lesiones Personales Fisicas,Mujer,Ninguna,Ninguna,entre 18 y 28,2,4,1,1,2
2024/01/31 00:00:00.000000000,"REPORTE VICTIMAS POR HECHO, CIFRA DEPARTAMENTAL (SEXO, ETNIA, DISCAPACIDAD, CICLO_VITAL) personas: (Ocurrencia, DeclaraciÃ³n, UbicaciÃ³n, Sujetos AtenciÃ³n y Eventos)",5,Desplazamiento forzado,Hombre,Indigena,Fisica,entre 29 y 60,7,9,5,5,7
2023/10/31 00:00:00.000000000,"REPORTE VICTIMAS POR HECHO, CIFRA DEPARTAMENTAL (SEXO, ETNIA, DISCAPACIDAD, CICLO_VITAL) personas: (Ocurrencia, DeclaraciÃ³n, UbicaciÃ³n, Sujetos AtenciÃ³n y Eventos)",5,Desplazamiento forzado,Mujer,Ninguna,Fisica,entre 29 y 60,507,720,625,569,563
2023/07/31 00:00:00.000000000,"REPORTE VICTIMAS POR HECHO, CIFRA DEPARTAMENTAL (SEXO, ETNIA, DISCAPACIDAD, CICLO_VITAL) personas: (Ocurrencia, DeclaraciÃ³n, UbicaciÃ³n, Sujetos AtenciÃ³n y Eventos)",8,Secuestro,Hombre,Ninguna,Ninguna,entre 29 y 60,421,316,413,330,427
2024/04/30 00:00:00.000000000,"REPORTE VICTIMAS POR HECHO, CIFRA DEPARTAMENTAL (SEXO, ETNIA, DISCAPACIDAD, CICLO_VITAL) personas: (Ocurrencia, DeclaraciÃ³n, UbicaciÃ³n, Sujetos AtenciÃ³n y Eventos)",4,DesapariciÃ³n forzada,Mujer,Ninguna,Multiple,entre 61 y 100,29,32,40,31,30
2023/06/30 00:00:00.000000000,"REPORTE VICTIMAS POR HECHO, CIFRA DEPARTAMENTAL (SEXO, ETNIA, DISCAPACIDAD, CICLO_VITAL) personas: (Ocurrencia, DeclaraciÃ³n, UbicaciÃ³n, Sujetos AtenciÃ³n y Eventos)",5,Desplazamiento forzado,Hombre,Ninguna,Auditiva,entre 6 y 11,4,12,5,3,4
2023/12/31 00:00:00.000000000,"REPORTE VICTIMAS POR HECHO, CIFRA DEPARTAMENTAL (SEXO, ETNIA, DISCAPACIDAD, CICLO_VITAL) personas: (Ocurrencia, DeclaraciÃ³n, UbicaciÃ³n, Sujetos AtenciÃ³n y Eventos)",5,Desplazamiento forzado,LGBTI,Ninguna,Ninguna,entre 18 y 28,19,37,31,28,20
2023/07/31 00:00:00.000000000,"REPORTE VICTIMAS POR HECHO, CIFRA DEPARTAMENTAL (SEXO, ETNIA, DISCAPACIDAD, CICLO_VITAL) personas: (Ocurrencia, DeclaraciÃ³n, UbicaciÃ³n, Sujetos AtenciÃ³n y Eventos)",6,Homicidio,Mujer,Ninguna,Fisica,entre 61 y 100,211,203,226,176,232
2023/10/31 00:00:00.000000000,"REPORTE VICTIMAS POR HECHO, CIFRA DEPARTAMENTAL (SEXO, ETNIA, DISCAPACIDAD, CICLO_VITAL) personas: (Ocurrencia, DeclaraciÃ³n, UbicaciÃ³n, Sujetos AtenciÃ³n y Eventos)",6,Homicidio,Hombre,Ninguna,Intelectual,entre 29 y 60,16,14,10,10,18
30/11/2025,"REPORTE VICTIMAS POR HECHO, CIFRA DEPARTAMENTAL (SEXO, ETNIA, DISCAPACIDAD, CICLO_VITAL) personas: (Ocurrencia, Declaraciï¿½n, Ubicaciï¿½n, Sujetos Atenciï¿½n y Eventos)",5,Desplazamiento forzado,Mujer,Ninguna,Por Establecer,entre 6 y 11,21,33,26,22,21
31/01/2026,"REPORTE VICTIMAS POR HECHO, CIFRA DEPARTAMENTAL (SEXO, ETNIA, DISCAPACIDAD, CICLO_VITAL) personas: (Ocurrencia, Declaraciï¿½n, Ubicaciï¿½n, Sujetos Atenciï¿½n y Eventos)",7,"Minas Antipersonal, Municiï¿½n sin Explotar y Artefacto Explosivo improvisado",Hombre,Ninguna,Multiple,entre 29 y 59,27,86,84,83,28
2023/10/31 00:00:00.000000000,"REPORTE VICTIMAS POR HECHO, CIFRA DEPARTAMENTAL (SEXO, ETNIA, DISCAPACIDAD, CICLO_VITAL) personas: (Ocurrencia, DeclaraciÃ³n, UbicaciÃ³n, Sujetos AtenciÃ³n y Eventos)",2,Amenaza,LGBTI,Ninguna,Ninguna,entre 29 y 60,23,24,26,25,37
2023/11/30 00:00:00.000000000,"REPORTE VICTIMAS POR HECHO, CIFRA DEPARTAMENTAL (SEXO, ETNIA, DISCAPACIDAD, CICLO_VITAL) personas: (Ocurrencia, DeclaraciÃ³n, UbicaciÃ³n, Sujetos AtenciÃ³n y Eventos)",6,Homicidio,LGBTI,Ninguna,Ninguna,entre 29 y 60,9,8,9,8,9
2024/08/31 00:00:00.000000000,"REPORTE VICTIMAS POR HECHO, CIFRA DEPARTAMENTAL (SEXO, ETNIA, DISCAPACIDAD, CICLO_VITAL) personas: (Ocurrencia, DeclaraciÃ³n, UbicaciÃ³n, Sujetos AtenciÃ³n y Eventos)",5,Desplazamiento forzado,LGBTI,Ninguna,Por Establecer,entre 29 y 59,2,1,2,2,2
2023/12/31 00:00:00.000000000,"REPORTE VICTIMAS POR HECHO, CIFRA DEPARTAMENTAL (SEXO, ETNIA, DISCAPACIDAD, CICLO_VITAL) personas: (Ocurrencia, DeclaraciÃ³n, UbicaciÃ³n, Sujetos AtenciÃ³n y Eventos)",13,Lesiones Personales Fisicas,Mujer,Ninguna,Intelectual,entre 29 y 60,2,3,3,3,2
28/02/2025,"REPORTE VICTIMAS POR HECHO, CIFRA DEPARTAMENTAL (SEXO, ETNIA, DISCAPACIDAD, CICLO_VITAL) personas: (Ocurrencia, Declaraciï¿½n, Ubicaciï¿½n, Sujetos Atenciï¿½n y Eventos)",4,Desapariciï¿½n forzada,Mujer,Indigena,Ninguna,entre 60 y 110,5,3,6,5,5
2024/08/31 00:00:00.000000000,"REPORTE VICTIMAS POR HECHO, CIFRA DEPARTAMENTAL (SEXO, ETNIA, DISCAPACIDAD, CICLO_VITAL) personas: (Ocurrencia, DeclaraciÃ³n, UbicaciÃ³n, Sujetos AtenciÃ³n y Eventos)",5,Desplazamiento forzado,Hombre,Indigena,Ninguna,entre 12 y 17,40,76,56,48,43
2023/12/31 00:00:00.000000000,"REPORTE VICTIMAS POR HECHO, CIFRA DEPARTAMENTAL (SEXO, ETNIA, DISCAPACIDAD, CICLO_VITAL) personas: (Ocurrencia, DeclaraciÃ³n, UbicaciÃ³n, Sujetos AtenciÃ³n y Eventos)",12,Perdida de Bienes Muebles o Inmuebles,Mujer,Ninguna,Ninguna,entre 29 y 60,160,213,260,258,161
2022/06/30 00:00:00.000000000,"REPORTE VICTIMAS POR HECHO, CIFRA DEPARTAMENTAL (SEXO, ETNIA, DISCAPACIDAD, CICLO_VITAL) personas: (Ocurrencia, DeclaraciÃ³n, UbicaciÃ³n, Sujetos AtenciÃ³n y Eventos)",2,Amenaza,Mujer,Indigena,Ninguna,entre 18 y 28,3,7,11,11,3
2024/02/29 00:00:00.000000000,"REPORTE VICTIMAS POR HECHO, CIFRA DEPARTAMENTAL (SEXO, ETNIA, DISCAPACIDAD, CICLO_VITAL) personas: (Ocurrencia, DeclaraciÃ³n, UbicaciÃ³n, Sujetos AtenciÃ³n y Eventos)",9,Tortura,Hombre,Ninguna,Ninguna,entre 18 y 28,8,8,8,8,8
2022/06/30 00:00:00.000000000,"REPORTE VICTIMAS POR HECHO, CIFRA DEPARTAMENTAL (SEXO, ETNIA, DISCAPACIDAD, CICLO_VITAL) personas: (Ocurrencia, DeclaraciÃ³n, UbicaciÃ³n, Sujetos AtenciÃ³n y Eventos)",6,Homicidio,Mujer,Ninguna,Auditiva,entre 61 y 100,12,18,27,21,12
2023/08/31 00:00:00.000000000,"REPORTE VICTIMAS POR HECHO, CIFRA DEPARTAMENTAL (SEXO, ETNIA, DISCAPACIDAD, CICLO_VITAL) personas: (Ocurrencia, DeclaraciÃ³n, UbicaciÃ³n, Sujetos AtenciÃ³n y Eventos)",2,Amenaza,Hombre,Ninguna,Fisica,entre 18 y 28,6,18,13,13,8
2022/08/31 00:00:00.000000000,"REPORTE VICTIMAS POR HECHO, CIFRA DEPARTAMENTAL (SEXO, ETNIA, DISCAPACIDAD, CICLO_VITAL) personas: (Ocurrencia, DeclaraciÃ³n, UbicaciÃ³n, Sujetos AtenciÃ³n y Eventos)",3,Delitos contra la libertad y la integridad sexual en desarrollo del conflicto armado,Mujer,Ninguna,Ninguna,entre 29 y 60,397,413,426,421,420
31/12/2025,"REPORTE VICTIMAS POR HECHO, CIFRA DEPARTAMENTAL (SEXO, ETNIA, DISCAPACIDAD, CICLO_VITAL) personas: (Ocurrencia, Declaraciï¿½n, Ubicaciï¿½n, Sujetos Atenciï¿½n y Eventos)",6,Homicidio,Hombre,Ninguna,Intelectual,entre 18 y 28,1,1,1,1,1
2024/04/30 00:00:00.000000000,"REPORTE VICTIMAS POR HECHO, CIFRA DEPARTAMENTAL (SEXO, ETNIA, DISCAPACIDAD, CICLO_VITAL) personas: (Ocurrencia, DeclaraciÃ³n, UbicaciÃ³n, Sujetos AtenciÃ³n y Eventos)",9,Tortura,Mujer,Ninguna,Multiple,entre 29 y 60,5,5,3,3,5
30/09/2025,"REPORTE VICTIMAS POR HECHO, CIFRA DEPARTAMENTAL (SEXO, ETNIA, DISCAPACIDAD, CICLO_VITAL) personas: (Ocurrencia, Declaraciï¿½n, Ubicaciï¿½n, Sujetos Atenciï¿½n y Eventos)",2,Amenaza,Hombre,Ninguna,Psicosocial (Mental),entre 18 y 28,2,3,3,3,2
31/07/2025,"REPORTE VICTIMAS POR HECHO, CIFRA DEPARTAMENTAL (SEXO, ETNIA, DISCAPACIDAD, CICLO_VITAL) personas: (Ocurrencia, Declaraciï¿½n, Ubicaciï¿½n, Sujetos Atenciï¿½n y Eventos)",12,Perdida de Bienes Muebles o Inmuebles,Mujer,Ninguna,Multiple,entre 60 y 110,7,4,7,6,7
31/12/2025,"REPORTE VICTIMAS POR HECHO, CIFRA DEPARTAMENTAL (SEXO, ETNIA, DISCAPACIDAD, CICLO_VITAL) personas: (Ocurrencia, Declaraciï¿½n, Ubicaciï¿½n, Sujetos Atenciï¿½n y Eventos)",4,Desapariciï¿½n forzada,Hombre,Ninguna,Fisica,entre 29 y 59,14,23,21,21,14
31/10/2025,"REPORTE VICTIMAS POR HECHO, CIFRA DEPARTAMENTAL (SEXO, ETNIA, DISCAPACIDAD, CICLO_VITAL) personas: (Ocurrencia, Declaraciï¿½n, Ubicaciï¿½n, Sujetos Atenciï¿½n y Eventos)",2,Amenaza,Mujer,Ninguna,Intelectual,entre 18 y 28,3,1,1,1,3
2022/05/31 00:00:00.000000000,"REPORTE VICTIMAS POR HECHO, CIFRA DEPARTAMENTAL (SEXO, ETNIA, DISCAPACIDAD, CICLO_VITAL) personas: (Ocurrencia, DeclaraciÃ³n, UbicaciÃ³n, Sujetos AtenciÃ³n y Eventos)",3,Delitos contra la libertad y la integridad sexual en desarrollo del conflicto armado,Mujer,Ninguna,Fisica,entre 29 y 60,21,28,24,24,22
31/10/2024,"REPORTE VICTIMAS POR HECHO, CIFRA DEPARTAMENTAL (SEXO, ETNIA, DISCAPACIDAD, CICLO_VITAL) personas: (Ocurrencia, DeclaraciÃ³n, UbicaciÃ³n, Sujetos AtenciÃ³n y Eventos)",13,Lesiones Personales Fisicas,Mujer,Ninguna,Por Establecer,entre 60 y 110,2,2,2,2,2
30/06/2025,"REPORTE VICTIMAS POR HECHO, CIFRA DEPARTAMENTAL (SEXO, ETNIA, DISCAPACIDAD, CICLO_VITAL) personas: (Ocurrencia, Declaraciï¿½n, Ubicaciï¿½n, Sujetos Atenciï¿½n y Eventos)",2,Amenaza,Hombre,Ninguna,Intelectual,entre 29 y 59,14,15,12,12,15
2023/02/28 00:00:00.000000000,"REPORTE VICTIMAS POR HECHO, CIFRA DEPARTAMENTAL (SEXO, ETNIA, DISCAPACIDAD, CICLO_VITAL) personas: (Ocurrencia, DeclaraciÃ³n, UbicaciÃ³n, Sujetos AtenciÃ³n y Eventos)",13,Lesiones Personales Fisicas,Hombre,Ninguna,Fisica,entre 18 y 28,2,4,3,3,2
2024/02/29 00:00:00.000000000,"REPORTE VICTIMAS POR HECHO, CIFRA DEPARTAMENTAL (SEXO, ETNIA, DISCAPACIDAD, CICLO_VITAL) personas: (Ocurrencia, DeclaraciÃ³n, UbicaciÃ³n, Sujetos AtenciÃ³n y Eventos)",6,Homicidio,Hombre,Ninguna,Auditiva,entre 29 y 60,22,25,30,27,24
31/12/2025,"REPORTE VICTIMAS POR HECHO, CIFRA DEPARTAMENTAL (SEXO, ETNIA, DISCAPACIDAD, CICLO_VITAL) personas: (Ocurrencia, Declaraciï¿½n, Ubicaciï¿½n, Sujetos Atenciï¿½n y Eventos)",6,Homicidio,Mujer,Indigena,Ninguna,entre 60 y 110,18,13,14,11,20
28/02/2025,"REPORTE VICTIMAS POR HECHO, CIFRA DEPARTAMENTAL (SEXO, ETNIA, DISCAPACIDAD, CICLO_VITAL) personas: (Ocurrencia, Declaraciï¿½n, Ubicaciï¿½n, Sujetos Atenciï¿½n y Eventos)",2,Amenaza,Mujer,Ninguna,Fisica,entre 6 y 11,1,4,4,4,1
31/03/2025,"REPORTE VICTIMAS POR HECHO, CIFRA DEPARTAMENTAL (SEXO, ETNIA, DISCAPACIDAD, CICLO_VITAL) personas: (Ocurrencia, DeclaraciÃ³n, UbicaciÃ³n, Sujetos AtenciÃ³n y Eventos)",8,Secuestro,Hombre,Ninguna,Auditiva,entre 60 y 110,2,6,6,4,2
2023/06/30 00:00:00.000000000,"REPORTE VICTIMAS POR HECHO, CIFRA DEPARTAMENTAL (SEXO, ETNIA, DISCAPACIDAD, CICLO_VITAL) personas: (Ocurrencia, DeclaraciÃ³n, UbicaciÃ³n, Sujetos AtenciÃ³n y Eventos)",6,Homicidio,Mujer,Ninguna,Intelectual,entre 29 y 60,18,20,21,20,19
2022/06/30 00:00:00.000000000,"REPORTE VICTIMAS POR HECHO, CIFRA DEPARTAMENTAL (SEXO, ETNIA, DISCAPACIDAD, CICLO_VITAL) personas: (Ocurrencia, DeclaraciÃ³n, UbicaciÃ³n, Sujetos AtenciÃ³n y Eventos)",5,Desplazamiento forzado,Mujer,Indigena,Multiple,entre 61 y 100,3,4,4,3,3
2023/03/31 00:00:00.000000000,"REPORTE VICTIMAS POR HECHO, CIFRA DEPARTAMENTAL (SEXO, ETNIA, DISCAPACIDAD, CICLO_VITAL) personas: (Ocurrencia, DeclaraciÃ³n, UbicaciÃ³n, Sujetos AtenciÃ³n y Eventos)",5,Desplazamiento forzado,Mujer,Ninguna,Psicosocial (Mental),entre 12 y 17,6,6,4,4,9
2022/08/31 00:00:00.000000000,"REPORTE VICTIMAS POR HECHO, CIFRA DEPARTAMENTAL (SEXO, ETNIA, DISCAPACIDAD, CICLO_VITAL) personas: (Ocurrencia, DeclaraciÃ³n, UbicaciÃ³n, Sujetos AtenciÃ³n y Eventos)",5,Desplazamiento forzado,Hombre,Indigena,Multiple,entre 18 y 28,4,3,1,1,4
2022/02/28 00:00:00.000000000,"REPORTE VICTIMAS POR HECHO, CIFRA DEPARTAMENTAL (SEXO, ETNIA, DISCAPACIDAD, CICLO_VITAL) personas: (Ocurrencia, DeclaraciÃ³n, UbicaciÃ³n, Sujetos AtenciÃ³n y Eventos)",5,Desplazamiento forzado,LGBTI,Ninguna,Fisica,entre 29 y 60,3,2,2,1,3
2022/06/30 00:00:00.000000000,"REPORTE VICTIMAS POR HECHO, CIFRA DEPARTAMENTAL (SEXO, ETNIA, DISCAPACIDAD, CICLO_VITAL) personas: (Ocurrencia, DeclaraciÃ³n, UbicaciÃ³n, Sujetos AtenciÃ³n y Eventos)",4,DesapariciÃ³n forzada,Mujer,Ninguna,Visual,entre 29 y 60,4,6,7,5,4
2022/01/31 00:00:00.000000000,"REPORTE VICTIMAS POR HECHO, CIFRA DEPARTAMENTAL (SEXO, ETNIA, DISCAPACIDAD, CICLO_VITAL) personas: (Ocurrencia, DeclaraciÃ³n, UbicaciÃ³n, Sujetos AtenciÃ³n y Eventos)",6,Homicidio,Hombre,Ninguna,Intelectual,entre 18 y 28,3,4,4,4,3
31/12/2024,"REPORTE VICTIMAS POR HECHO, CIFRA DEPARTAMENTAL (SEXO, ETNIA, DISCAPACIDAD, CICLO_VITAL) personas: (Ocurrencia, DeclaraciÃ³n, UbicaciÃ³n, Sujetos AtenciÃ³n y Eventos)",1,Acto terrorista / Atentados / Combates / Enfrentamientos / Hostigamientos,Mujer,Ninguna,Ninguna,entre 29 y 59,174,173,183,179,186
2024/06/30 00:00:00.000000000,"REPORTE VICTIMAS POR HECHO, CIFRA DEPARTAMENTAL (SEXO, ETNIA, DISCAPACIDAD, CICLO_VITAL) personas: (Ocurrencia, DeclaraciÃ³n, UbicaciÃ³n, Sujetos AtenciÃ³n y Eventos)",5,Desplazamiento forzado,Mujer,Ninguna,Ninguna,entre 29 y 60,"37,897","53,857","46,379","41,049","40,639"
2023/02/28 00:00:00.000000000,"REPORTE VICTIMAS POR HECHO, CIFRA DEPARTAMENTAL (SEXO, ETNIA, DISCAPACIDAD, CICLO_VITAL) personas: (Ocurrencia, DeclaraciÃ³n, UbicaciÃ³n, Sujetos AtenciÃ³n y Eventos)",5,Desplazamiento forzado,Mujer,Indigena,Multiple,entre 29 y 60,3,4,2,1,4
28/02/2025,"REPORTE VICTIMAS POR HECHO, CIFRA DEPARTAMENTAL (SEXO, ETNIA, DISCAPACIDAD, CICLO_VITAL) personas: (Ocurrencia, Declaraciï¿½n, Ubicaciï¿½n, Sujetos Atenciï¿½n y Eventos)",9,Tortura,Hombre,Ninguna,Visual,entre 60 y 110,3,2,2,1,3
2023/10/31 00:00:00.000000000,"REPORTE VICTIMAS POR HECHO, CIFRA DEPARTAMENTAL (SEXO, ETNIA, DISCAPACIDAD, CICLO_VITAL) personas: (Ocurrencia, DeclaraciÃ³n, UbicaciÃ³n, Sujetos AtenciÃ³n y Eventos)",5,Desplazamiento forzado,Mujer,Ninguna,Ninguna,entre 61 y 100,"8,453","10,919","9,138","7,005","9,017"
2022/07/31 00:00:00.000000000,"REPORTE VICTIMAS POR HECHO, CIFRA DEPARTAMENTAL (SEXO, ETNIA, DISCAPACIDAD, CICLO_VITAL) personas: (Ocurrencia, DeclaraciÃ³n, UbicaciÃ³n, Sujetos AtenciÃ³n y Eventos)",9,Tortura,Hombre,Ninguna,Ninguna,entre 18 y 28,9,8,9,9,9
2024/02/29 00:00:00.000000000,"REPORTE VICTIMAS POR HECHO, CIFRA DEPARTAMENTAL (SEXO, ETNIA, DISCAPACIDAD, CICLO_VITAL) personas: (Ocurrencia, DeclaraciÃ³n, UbicaciÃ³n, Sujetos AtenciÃ³n y Eventos)",4,DesapariciÃ³n forzada,Hombre,Ninguna,Ninguna,entre 29 y 60,"2,050","1,891","1,746","1,435","2,147"
31/05/2025,"REPORTE VICTIMAS POR HECHO, CIFRA DEPARTAMENTAL (SEXO, ETNIA, DISCAPACIDAD, CICLO_VITAL) personas: (Ocurrencia, Declaraciï¿½n, Ubicaciï¿½n, Sujetos Atenciï¿½n y Eventos)",8,Secuestro,Hombre,Ninguna,Fisica,entre 29 y 59,10,10,12,11,11
2022/04/30 00:00:00.000000000,"REPORTE VICTIMAS POR HECHO, CIFRA DEPARTAMENTAL (SEXO, ETNIA, DISCAPACIDAD, CICLO_VITAL) personas: (Ocurrencia, DeclaraciÃ³n, UbicaciÃ³n, Sujetos AtenciÃ³n y Eventos)",9,Tortura,Mujer,Ninguna,Por Establecer,entre 29 y 60,1,2,2,2,1
30/06/2025,"REPORTE VICTIMAS POR HECHO, CIFRA DEPARTAMENTAL (SEXO, ETNIA, DISCAPACIDAD, CICLO_VITAL) personas: (Ocurrencia, Declaraciï¿½n, Ubicaciï¿½n, Sujetos Atenciï¿½n y Eventos)",5,Desplazamiento forzado,Mujer,Ninguna,Intelectual,entre 60 y 110,63,75,63,45,71
31/01/2026,"REPORTE VICTIMAS POR HECHO, CIFRA DEPARTAMENTAL (SEXO, ETNIA, DISCAPACIDAD, CICLO_VITAL) personas: (Ocurrencia, Declaraciï¿½n, Ubicaciï¿½n, Sujetos Atenciï¿½n y Eventos)",13,Lesiones Personales Fisicas,Hombre,Ninguna,Auditiva,entre 60 y 110,3,2,3,2,3
2022/08/31 00:00:00.000000000,"REPORTE VICTIMAS POR HECHO, CIFRA DEPARTAMENTAL (SEXO, ETNIA, DISCAPACIDAD, CICLO_VITAL) personas: (Ocurrencia, DeclaraciÃ³n, UbicaciÃ³n, Sujetos AtenciÃ³n y Eventos)",12,Perdida de Bienes Muebles o Inmuebles,Mujer,Ninguna,Ninguna,entre 18 y 28,11,17,14,14,11
31/12/2025,"REPORTE VICTIMAS POR HECHO, CIFRA DEPARTAMENTAL (SEXO, ETNIA, DISCAPACIDAD, CICLO_VITAL) personas: (Ocurrencia, Declaraciï¿½n, Ubicaciï¿½n, Sujetos Atenciï¿½n y Eventos)",4,Desapariciï¿½n forzada,Mujer,Ninguna,Auditiva,entre 60 y 110,1,5,5,4,1
2023/09/30 00:00:00.000000000,"REPORTE VICTIMAS POR HECHO, CIFRA DEPARTAMENTAL (SEXO, ETNIA, DISCAPACIDAD, CICLO_VITAL) personas: (Ocurrencia, DeclaraciÃ³n, UbicaciÃ³n, Sujetos AtenciÃ³n y Eventos)",14,Lesiones Personales Psicologicas,Hombre,Ninguna,Ninguna,entre 61 y 100,68,70,70,60,68
2023/12/31 00:00:00.000000000,"REPORTE VICTIMAS POR HECHO, CIFRA DEPARTAMENTAL (SEXO, ETNIA, DISCAPACIDAD, CICLO_VITAL) personas: (Ocurrencia, DeclaraciÃ³n, UbicaciÃ³n, Sujetos AtenciÃ³n y Eventos)",13,Lesiones Personales Fisicas,Mujer,Ninguna,Multiple,entre 61 y 100,8,8,8,7,8
2022/05/31 00:00:00.000000000,"REPORTE VICTIMAS POR HECHO, CIFRA DEPARTAMENTAL (SEXO, ETNIA, DISCAPACIDAD, CICLO_VITAL) personas: (Ocurrencia, DeclaraciÃ³n, UbicaciÃ³n, Sujetos AtenciÃ³n y Eventos)",4,DesapariciÃ³n forzada,Mujer,Ninguna,Multiple,entre 29 y 60,15,14,20,18,15
2022/06/30 00:00:00.000000000,"REPORTE VICTIMAS POR HECHO, CIFRA DEPARTAMENTAL (SEXO, ETNIA, DISCAPACIDAD, CICLO_VITAL) personas: (Ocurrencia, DeclaraciÃ³n, UbicaciÃ³n, Sujetos AtenciÃ³n y Eventos)",6,Homicidio,Mujer,Ninguna,Fisica,ND,2,3,1,1,2
2022/01/31 00:00:00.000000000,"REPORTE VICTIMAS POR HECHO, CIFRA DEPARTAMENTAL (SEXO, ETNIA, DISCAPACIDAD, CICLO_VITAL) personas: (Ocurrencia, DeclaraciÃ³n, UbicaciÃ³n, Sujetos AtenciÃ³n y Eventos)",6,Homicidio,Mujer,Ninguna,Fisica,ND,2,3,1,1,2
2023/02/28 00:00:00.000000000,"REPORTE VICTIMAS POR HECHO, CIFRA DEPARTAMENTAL (SEXO, ETNIA, DISCAPACIDAD, CICLO_VITAL) personas: (Ocurrencia, DeclaraciÃ³n, UbicaciÃ³n, Sujetos AtenciÃ³n y Eventos)",7,"Minas Antipersonal, MuniciÃ³n sin Explotar y Artefacto Explosivo improvisado",Mujer,Ninguna,Ninguna,entre 61 y 100,5,1,3,3,5
30/09/2025,"REPORTE VICTIMAS POR HECHO, CIFRA DEPARTAMENTAL (SEXO, ETNIA, DISCAPACIDAD, CICLO_VITAL) personas: (Ocurrencia, Declaraciï¿½n, Ubicaciï¿½n, Sujetos Atenciï¿½n y Eventos)",1,Acto terrorista / Atentados / Combates / Enfrentamientos / Hostigamientos,Mujer,Indigena,Ninguna,entre 29 y 59,1,1,1,1,1
2024/02/29 00:00:00.000000000,"REPORTE VICTIMAS POR HECHO, CIFRA DEPARTAMENTAL (SEXO, ETNIA, DISCAPACIDAD, CICLO_VITAL) personas: (Ocurrencia, DeclaraciÃ³n, UbicaciÃ³n, Sujetos AtenciÃ³n y Eventos)",14,Lesiones Personales Psicologicas,Mujer,Ninguna,Por Establecer,entre 61 y 100,4,7,4,2,4
30/04/2025,"REPORTE VICTIMAS POR HECHO, CIFRA DEPARTAMENTAL (SEXO, ETNIA, DISCAPACIDAD, CICLO_VITAL) personas: (Ocurrencia, Declaraciï¿½n, Ubicaciï¿½n, Sujetos Atenciï¿½n y Eventos)",12,Perdida de Bienes Muebles o Inmuebles,Hombre,Indigena,Ninguna,entre 29 y 59,2,4,3,3,2
28/02/2025,"REPORTE VICTIMAS POR HECHO, CIFRA DEPARTAMENTAL (SEXO, ETNIA, DISCAPACIDAD, CICLO_VITAL) personas: (Ocurrencia, Declaraciï¿½n, Ubicaciï¿½n, Sujetos Atenciï¿½n y Eventos)",2,Amenaza,Hombre,Ninguna,Por Establecer,entre 18 y 28,9,7,10,9,10
30/09/2025,"REPORTE VICTIMAS POR HECHO, CIFRA DEPARTAMENTAL (SEXO, ETNIA, DISCAPACIDAD, CICLO_VITAL) personas: (Ocurrencia, Declaraciï¿½n, Ubicaciï¿½n, Sujetos Atenciï¿½n y Eventos)",5,Desplazamiento forzado,LGBTI,Ninguna,Visual,entre 29 y 59,4,3,3,3,5
2023/08/31 00:00:00.000000000,"REPORTE VICTIMAS POR HECHO, CIFRA DEPARTAMENTAL (SEXO, ETNIA, DISCAPACIDAD, CICLO_VITAL) personas: (Ocurrencia, DeclaraciÃ³n, UbicaciÃ³n, Sujetos AtenciÃ³n y Eventos)",6,Homicidio,Mujer,Ninguna,Auditiva,entre 29 y 60,25,29,39,39,27
2023/04/30 00:00:00.000000000,"REPORTE VICTIMAS POR HECHO, CIFRA DEPARTAMENTAL (SEXO, ETNIA, DISCAPACIDAD, CICLO_VITAL) personas: (Ocurrencia, DeclaraciÃ³n, UbicaciÃ³n, Sujetos AtenciÃ³n y Eventos)",3,Delitos contra la libertad y la integridad sexual en desarrollo del conflicto armado,Mujer,Ninguna,Visual,entre 29 y 60,8,8,7,6,8
2022/01/31 00:00:00.000000000,"REPORTE VICTIMAS POR HECHO, CIFRA DEPARTAMENTAL (SEXO, ETNIA, DISCAPACIDAD, CICLO_VITAL) personas: (Ocurrencia, DeclaraciÃ³n, UbicaciÃ³n, Sujetos AtenciÃ³n y Eventos)",6,Homicidio,Hombre,Ninguna,Multiple,entre 18 y 28,5,8,7,7,5
2022/10/31 00:00:00.000000000,"REPORTE VICTIMAS POR HECHO, CIFRA DEPARTAMENTAL (SEXO, ETNIA, DISCAPACIDAD, CICLO_VITAL) personas: (Ocurrencia, DeclaraciÃ³n, UbicaciÃ³n, Sujetos AtenciÃ³n y Eventos)",5,Desplazamiento forzado,Hombre,Indigena,Fisica,entre 18 y 28,1,1,1,1,1
